-- phpMyAdmin SQL Dump
-- version 4.8.5
-- https://www.phpmyadmin.net/
--
-- Host: localhost:3306
-- Generation Time: Aug 20, 2019 at 01:49 PM
-- Server version: 5.7.27
-- PHP Version: 7.2.7

SET SQL_MODE = "NO_AUTO_VALUE_ON_ZERO";
SET AUTOCOMMIT = 0;
START TRANSACTION;
SET time_zone = "+00:00";


/*!40101 SET @OLD_CHARACTER_SET_CLIENT=@@CHARACTER_SET_CLIENT */;
/*!40101 SET @OLD_CHARACTER_SET_RESULTS=@@CHARACTER_SET_RESULTS */;
/*!40101 SET @OLD_COLLATION_CONNECTION=@@COLLATION_CONNECTION */;
/*!40101 SET NAMES utf8mb4 */;

--
-- Database: `medieval_prod`
--
CREATE DATABASE IF NOT EXISTS `medieval_prod` DEFAULT CHARACTER SET latin1 COLLATE latin1_swedish_ci;
USE `medieval_prod`;

--
-- Dumping data for table `cfgachievements`
--

INSERT INTO `cfgachievements` (`id`, `type`, `tag`, `level`, `score`) VALUES
(1, 'character', 'stat_arrests', 1, 1),
(2, 'character', 'stat_arrests', 2, 5),
(3, 'character', 'stat_arrests', 3, 15),
(4, 'character', 'stat_arrests', 4, 30),
(5, 'character', 'stat_arrests', 5, 70),
(6, 'character', 'stat_battlechampion', 1, 20),
(7, 'character', 'stat_battlechampion', 2, 50),
(8, 'character', 'stat_battlechampion', 3, 100),
(9, 'character', 'stat_battlechampion', 4, 200),
(10, 'character', 'stat_battlechampion', 5, 500),
(11, 'character', 'stat_bestduelist', 1, 1),
(12, 'character', 'stat_bestduelist', 2, 5),
(13, 'character', 'stat_bestduelist', 3, 10),
(14, 'character', 'stat_bestduelist', 4, 20),
(15, 'character', 'stat_bestduelist', 5, 50),
(16, 'character', 'stat_bestduelist', 6, 100),
(17, 'character', 'stat_boughtdoubloons', 1, 5),
(18, 'character', 'stat_boughtdoubloons', 2, 10),
(19, 'character', 'stat_boughtdoubloons', 3, 20),
(20, 'character', 'stat_boughtdoubloons', 4, 50),
(21, 'character', 'stat_boughtdoubloons', 5, 100),
(22, 'character', 'stat_car', 5, 100),
(23, 'character', 'stat_cost', 5, 100),
(24, 'character', 'stat_dex', 5, 100),
(27, 'character', 'stat_fightstats', 1, 10),
(28, 'character', 'stat_fightstats', 2, 20),
(29, 'character', 'stat_fightstats', 3, 50),
(30, 'character', 'stat_fightstats', 4, 100),
(31, 'character', 'stat_fightstats', 5, 200),
(32, 'character', 'stat_honorpoints', 1, 5),
(33, 'character', 'stat_honorpoints', 2, 10),
(34, 'character', 'stat_honorpoints', 3, 20),
(35, 'character', 'stat_honorpoints', 4, 40),
(36, 'character', 'stat_honorpoints', 5, 50),
(37, 'character', 'stat_honorpoints', -1, 5),
(38, 'character', 'stat_honorpoints', -2, 10),
(39, 'character', 'stat_honorpoints', -3, 20),
(40, 'character', 'stat_honorpoints', -4, 40),
(41, 'character', 'stat_honorpoints', -5, 50),
(42, 'character', 'stat_intel', 5, 100),
(43, 'character', 'stat_fpcontribution', 1, 5),
(44, 'character', 'stat_fpcontribution', 2, 10),
(45, 'character', 'stat_fpcontribution', 3, 20),
(46, 'character', 'stat_fpcontribution', 4, 50),
(47, 'character', 'stat_fpcontribution', 5, 100),
(48, 'character', 'stat_str', 5, 100),
(49, 'character', 'stat_topvideowatcher', 1, 0),
(50, 'character', 'stat_tutorialcompleted', 1, 10),
(51, 'character', 'stat_gameage', 1, 10),
(52, 'character', 'stat_gameage', 2, 20),
(53, 'character', 'stat_gameage', 3, 40),
(54, 'character', 'stat_gameage', 4, 80),
(55, 'character', 'stat_gameage', 5, 160),
(56, 'character', 'stat_watchedvideo', 1, 10),
(57, 'character', 'stat_watchedvideo', 2, 20),
(58, 'character', 'stat_watchedvideo', 3, 40),
(59, 'character', 'stat_watchedvideo', 4, 80),
(60, 'character', 'stat_watchedvideo', 5, 160),
(61, 'kingdom', 'stat_populatedkingdoms', 1, 0),
(62, 'kingdom', 'stat_populatedkingdoms', 2, 0),
(63, 'kingdom', 'stat_populatedkingdoms', 3, 0),
(64, 'kingdom', 'stat_richestkingdoms', 1, 0),
(65, 'kingdom', 'stat_richestkingdoms', 2, 0),
(66, 'kingdom', 'stat_richestkingdoms', 3, 0),
(67, 'kingdom', 'stat_tournamentwinner_kingdom_nunzioborgia_1315', 1, 0),
(68, 'character', 'stat_tournamentwinner_nunzioborgia_1315', 1, 50),
(69, 'character', 'stat_tournamentwinner_nunzioborgia_1315', 2, 30),
(70, 'character', 'stat_tournamentwinner_nunzioborgia_1315', 3, 10),
(71, 'character', 'stat_dumpscavenger', 1, 0),
(72, 'character', 'stat_dumpscavenger', 2, 0),
(73, 'character', 'stat_dumpscavenger', 3, 0),
(74, 'kingdom', 'stat_breadgrindingcontest_1316', 1, 0),
(75, 'character', 'stat_thegreathangovercontest_1316', 1, 0),
(76, 'character', 'stat_thegreathangovercontest_1316', 2, 0),
(77, 'character', 'stat_thegreathangovercontest_1316', 3, 0),
(78, 'kingdom', 'stat_thegreathangovercontest_1316', 1, 0),
(79, 'kingdom', 'stat_thegreathangovercontest_1316', 2, 0),
(80, 'kingdom', 'stat_thegreathangovercontest_1316', 3, 0),
(81, 'character', 'stat_jdemolayround1_score', 1, 0),
(82, 'character', 'stat_jdemolayround1_score', 2, 0),
(83, 'character', 'stat_jdemolayround1_score', 3, 0),
(84, 'character', 'stat_jdemolayround1_richest', 1, 0),
(85, 'character', 'stat_jdemolayround1_fighting', 1, 0),
(86, 'kingdom', 'stat_jdemolayround1_winner', 1, 0),
(87, 'kingdom', 'stat_jdemolayround1_winner', 2, 0),
(88, 'kingdom', 'stat_jdemolayround1_winner', 3, 0),
(89, 'character', 'stat_donator_2012', 1, 0),
(90, 'character', 'stat_donator_2012', 2, 0),
(91, 'character', 'stat_donator_2012', 3, 0),
(92, 'character', 'stat_donator_2013', 1, 0),
(93, 'character', 'stat_donator_2013', 2, 0),
(94, 'character', 'stat_donator_2013', 3, 0),
(95, 'character', 'stat_tournamentwinner_1317_nobleleague_a', 1, 50),
(96, 'character', 'stat_tournamentwinner_1317_nobleleague_a', 2, 30),
(97, 'character', 'stat_tournamentwinner_1317_nobleleague_a', 3, 10),
(98, 'character', 'stat_tournamentwinner_1317_nobleleague_b', 1, 50),
(99, 'character', 'stat_tournamentwinner_1317_nobleleague_b', 2, 30),
(100, 'character', 'stat_tournamentwinner_1317_nobleleague_b', 3, 10),
(101, 'character', 'stat_tournamentwinner_1317_commonerleague_b', 1, 50),
(102, 'character', 'stat_tournamentwinner_1317_commonerleague_b', 2, 30),
(103, 'character', 'stat_tournamentwinner_1317_commonerleague_b', 3, 10),
(104, 'character', 'stat_rathunter_1317', 1, 0),
(105, 'character', 'stat_rathunter_1317', 2, 0),
(106, 'character', 'stat_rathunter_1317', 3, 0),
(107, 'kingdom', 'stat_rathunter_1317', 1, 0),
(108, 'kingdom', 'stat_rathunter_1317', 2, 0),
(109, 'kingdom', 'stat_rathunter_1317', 3, 0);

--
-- Dumping data for table `cfgbadwords`
--

INSERT INTO `cfgbadwords` (`id`, `word`) VALUES
(1, 'the grail lord'),
(2, 'www.thegraillords.net');

--
-- Dumping data for table `cfgcountrycodes`
--

INSERT INTO `cfgcountrycodes` (`id`, `country`, `code`) VALUES
(1, 'Andorra', 'AD'),
(2, 'United Arab Emirates', 'AE'),
(3, 'Afghanistan', 'AF'),
(4, 'Antigua and Barbuda', 'AG'),
(5, 'Anguilla', 'AI'),
(6, 'Albania', 'AL'),
(7, 'Armenia', 'AM'),
(8, 'Netherlands Antilles', 'AN'),
(9, 'Angola', 'AO'),
(10, 'Antarctica', 'AQ'),
(11, 'Argentina', 'AR'),
(12, 'American Samoa', 'AS'),
(13, 'Austria', 'AT'),
(14, 'Australia', 'AU'),
(15, 'Aruba', 'AW'),
(16, 'Åland Islands', 'AX'),
(17, 'Azerbaijan', 'AZ'),
(18, 'Bosnia and Herzegovina', 'BA'),
(19, 'Barbados', 'BB'),
(20, 'Bangladesh', 'BD'),
(21, 'Belgium', 'BE'),
(22, 'Burkina Faso', 'BF'),
(23, 'Bulgaria', 'BG'),
(24, 'Bahrain', 'BH'),
(25, 'Burundi', 'BI'),
(26, 'Benin', 'BJ'),
(27, 'Saint-Barthélemy', 'BL'),
(28, 'Bermuda', 'BM'),
(29, 'Brunei Darussalam', 'BN'),
(30, 'Bolivia, Plurinational State of', 'BO'),
(31, 'Brazil', 'BR'),
(32, 'Bahamas', 'BS'),
(33, 'Bhutan', 'BT'),
(34, 'Bouvet Island', 'BV'),
(35, 'Botswana', 'BW'),
(36, 'Belarus', 'BY'),
(37, 'Belize', 'BZ'),
(38, 'Canada', 'CA'),
(39, 'Cocos (Keeling) Islands', 'CC'),
(40, 'Congo, the Democratic Republic of the', 'CD'),
(41, 'Central African Republic', 'CF'),
(42, 'Congo', 'CG'),
(43, 'Switzerland', 'CH'),
(44, 'Còte d\'Ivoire', 'CI'),
(45, 'Cook Islands', 'CK'),
(46, 'Chile', 'CL'),
(47, 'Cameroon', 'CM'),
(48, 'China', 'CN'),
(49, 'Colombia', 'CO'),
(50, 'Costa Rica', 'CR'),
(51, 'Cuba', 'CU'),
(52, 'Cape Verde', 'CV'),
(53, 'Christmas Island', 'CX'),
(54, 'Cyprus', 'CY'),
(55, 'Czech Republic', 'CZ'),
(56, 'Germany', 'DE'),
(57, 'Djibouti', 'DJ'),
(58, 'Denmark', 'DK'),
(59, 'Dominica', 'DM'),
(60, 'Dominican Republic', 'DO'),
(61, 'Algeria', 'DZ'),
(62, 'Ecuador', 'EC'),
(63, 'Estonia', 'EE'),
(64, 'Egypt', 'EG'),
(65, 'Western Sahara', 'EH'),
(66, 'Eritrea', 'ER'),
(67, 'Spain', 'ES'),
(68, 'Ethiopia', 'ET'),
(69, 'Finland', 'FI'),
(70, 'Fiji', 'FJ'),
(71, 'Falkland Islands (Malvinas)', 'FK'),
(72, 'Micronesia, Federated States of', 'FM'),
(73, 'Faroe Islands', 'FO'),
(74, 'France', 'FR'),
(75, 'Gabon', 'GA'),
(76, 'United Kingdom', 'GB'),
(77, 'Grenada', 'GD'),
(78, 'Georgia', 'GE'),
(79, 'French Guiana', 'GF'),
(80, 'Guernsey', 'GG'),
(81, 'Ghana', 'GH'),
(82, 'Gibraltar', 'GI'),
(83, 'Greenland', 'GL'),
(84, 'Gambia', 'GM'),
(85, 'Guinea', 'GN'),
(86, 'Guadeloupe', 'GP'),
(87, 'Equatorial Guinea', 'GQ'),
(88, 'Greece', 'GR'),
(89, 'South Georgia and the South Sandwich Islands', 'GS'),
(90, 'Guatemala', 'GT'),
(91, 'Guam', 'GU'),
(92, 'Guinea-Bissau', 'GW'),
(93, 'Guyana', 'GY'),
(94, 'Hong Kong', 'HK'),
(95, 'Heard Island and McDonald Islands', 'HM'),
(96, 'Honduras', 'HN'),
(97, 'Croatia', 'HR'),
(98, 'Haiti', 'HT'),
(99, 'Hungary', 'HU'),
(100, 'Indonesia', 'ID'),
(101, 'Ireland', 'IE'),
(102, 'Israel', 'IL'),
(103, 'Isle of Man', 'IM'),
(104, 'India', 'IN'),
(105, 'British Indian Ocean Territory', 'IO'),
(106, 'Iraq', 'IQ'),
(107, 'Iran, Islamic Republic of', 'IR'),
(108, 'Iceland', 'IS'),
(109, 'Italy', 'IT'),
(110, 'Jersey', 'JE'),
(111, 'Jamaica', 'JM'),
(112, 'Jordan', 'JO'),
(113, 'Japan', 'JP'),
(114, 'Kenya', 'KE'),
(115, 'Kyrgyzstan', 'KG'),
(116, 'Cambodia', 'KH'),
(117, 'Kiribati', 'KI'),
(118, 'Comoros', 'KM'),
(119, 'Saint Kitts and Nevis', 'KN'),
(120, 'Korea, Democratic People\'s Republic of', 'KP'),
(121, 'Korea, Republic of', 'KR'),
(122, 'Kuwait', 'KW'),
(123, 'Cayman Islands', 'KY'),
(124, 'Kazakhstan', 'KZ'),
(125, 'Lao People\'s Democratic Republic', 'LA'),
(126, 'Lebanon', 'LB'),
(127, 'Saint Lucia', 'LC'),
(128, 'Liechtenstein', 'LI'),
(129, 'Sri Lanka', 'LK'),
(130, 'Liberia', 'LR'),
(131, 'Lesotho', 'LS'),
(132, 'Lithuania', 'LT'),
(133, 'Luxembourg', 'LU'),
(134, 'Latvia', 'LV'),
(135, 'Libyan Arab Jamahiriya', 'LY'),
(136, 'Morocco', 'MA'),
(137, 'Monaco', 'MC'),
(138, 'Moldova, Republic of', 'MD'),
(139, 'Montenegro', 'ME'),
(140, 'Saint Martin (French part)', 'MF'),
(141, 'Madagascar', 'MG'),
(142, 'Marshall Islands', 'MH'),
(143, 'Macedonia, the former Yugoslav Republic of', 'MK'),
(144, 'Mali', 'ML'),
(145, 'Myanmar', 'MM'),
(146, 'Mongolia', 'MN'),
(147, 'Macao', 'MO'),
(148, 'Northern Mariana Islands', 'MP'),
(149, 'Martinique', 'MQ'),
(150, 'Mauritania', 'MR'),
(151, 'Montserrat', 'MS'),
(152, 'Malta', 'MT'),
(153, 'Mauritius', 'MU'),
(154, 'Maldives', 'MV'),
(155, 'Malawi', 'MW'),
(156, 'Mexico', 'MX'),
(157, 'Malaysia', 'MY'),
(158, 'Mozambique', 'MZ'),
(159, 'Namibia', 'NA'),
(160, 'New Caledonia', 'NC'),
(161, 'Niger', 'NE'),
(162, 'Norfolk Island', 'NF'),
(163, 'Nigeria', 'NG'),
(164, 'Nicaragua', 'NI'),
(165, 'Netherlands', 'NL'),
(166, 'Norway', 'NO'),
(167, 'Nepal', 'NP'),
(168, 'Nauru', 'NR'),
(169, 'Niue', 'NU'),
(170, 'New Zealand', 'NZ'),
(171, 'Oman', 'OM'),
(172, 'Panama', 'PA'),
(173, 'Peru', 'PE'),
(174, 'French Polynesia', 'PF'),
(175, 'Papua New Guinea', 'PG'),
(176, 'Philippines', 'PH'),
(177, 'Pakistan', 'PK'),
(178, 'Poland', 'PL'),
(179, 'Saint Pierre and Miquelon', 'PM'),
(180, 'Pitcairn', 'PN'),
(181, 'Puerto Rico', 'PR'),
(182, 'Palestinian Territory, Occupied', 'PS'),
(183, 'Portugal', 'PT'),
(184, 'Palau', 'PW'),
(185, 'Paraguay', 'PY'),
(186, 'Qatar', 'QA'),
(187, 'Rèunion', 'RE'),
(188, 'Romania', 'RO'),
(189, 'Serbia', 'RS'),
(190, 'Russian Federation', 'RU'),
(191, 'Rwanda', 'RW'),
(192, 'Saudi Arabia', 'SA'),
(193, 'Solomon Islands', 'SB'),
(194, 'Seychelles', 'SC'),
(195, 'Sudan', 'SD'),
(196, 'Sweden', 'SE'),
(197, 'Singapore', 'SG'),
(198, 'Saint Helena, Ascension and Tristan da Cunha', 'SH'),
(199, 'Slovenia', 'SI'),
(200, 'Svalbard and Jan Mayen', 'SJ'),
(201, 'Slovakia', 'SK'),
(202, 'Sierra Leone', 'SL'),
(203, 'San Marino', 'SM'),
(204, 'Senegal', 'SN'),
(205, 'Somalia', 'SO'),
(206, 'Suriname', 'SR'),
(207, 'Sao Tome and Principe', 'ST'),
(208, 'El Salvador', 'SV'),
(209, 'Syrian Arab Republic', 'SY'),
(210, 'Swaziland', 'SZ'),
(211, 'Turks and Caicos Islands', 'TC'),
(212, 'Chad', 'TD'),
(213, 'French Southern Territories', 'TF'),
(214, 'Togo', 'TG'),
(215, 'Thailand', 'TH'),
(216, 'Tajikistan', 'TJ'),
(217, 'Tokelau', 'TK'),
(218, 'Timor-Leste', 'TL'),
(219, 'Turkmenistan', 'TM'),
(220, 'Tunisia', 'TN'),
(221, 'Tonga', 'TO'),
(222, 'Turkey', 'TR'),
(223, 'Trinidad and Tobago', 'TT'),
(224, 'Tuvalu', 'TV'),
(225, 'Taiwan, Province of China', 'TW'),
(226, 'Tanzania, United Republic of', 'TZ'),
(227, 'Ukraine', 'UA'),
(228, 'Uganda', 'UG'),
(229, 'United States Minor Outlying Islands', 'UM'),
(230, 'United States', 'US'),
(231, 'Uruguay', 'UY'),
(232, 'Uzbekistan', 'UZ'),
(233, 'Holy See (Vatican City State)', 'VA'),
(234, 'Saint Vincent and the Grenadines', 'VC'),
(235, 'Venezuela, Bolivarian Republic of', 'VE'),
(236, 'Virgin Islands, British', 'VG'),
(237, 'Virgin Islands, U.S.', 'VI'),
(238, 'Viet Nam', 'VN'),
(239, 'Vanuatu', 'VU'),
(240, 'Wallis and Futuna', 'WF'),
(241, 'Samoa', 'WS'),
(242, 'Yemen', 'YE'),
(243, 'Mayotte', 'YT'),
(244, 'South Africa', 'ZA'),
(245, 'Zambia', 'ZM'),
(246, 'Zimbabwe', 'ZW'),
(247, 'Not specified', '--');

--
-- Dumping data for table `cfgdogmabonuses`
--

INSERT INTO `cfgdogmabonuses` (`id`, `dogma`, `level`, `bonus`, `malus_church_id`, `url`) VALUES
(3, 'heal', 1, 'curehealthextended', NULL, 'http://wiki.medieval-europe.eu/?title=Cure_Health_Extended'),
(4, 'heal', 1, 'curediseaseextended', NULL, 'http://wiki.medieval-europe.eu/?title=Cure_Disease_Extended'),
(5, 'oraetlabora', 1, 'resourceextractionblessing', NULL, 'http://wiki.medieval-europe.eu/index.php?title=Dogma_Bonuses#Dogma_Ora_Et_Labora'),
(6, 'oraetlabora', 1, 'craftblessing', NULL, 'http://wiki.medieval-europe.eu/index.php?title=Dogma_Bonuses#Dogma_Ora_Et_Labora'),
(7, 'meditate', 1, 'concentrateandlearn', NULL, 'http://wiki.medieval-europe.eu/index.php?title=Dogma_Bonuses#Dogma_Meditate'),
(8, 'meditate', 1, 'meditateanddefend', NULL, 'http://wiki.medieval-europe.eu/index.php?title=Dogma_Bonuses#Dogma_Meditate'),
(9, 'hatetheinfidels', 1, 'curseinfidels_rome', 1, 'http://wiki.medieval-europe.eu/index.php?title=Dogma_Bonuses#Dogma_Hate_The_Infidels'),
(10, 'hatetheinfidels', 1, 'curseinfidels_turnu', 3, 'http://wiki.medieval-europe.eu/index.php?title=Dogma_Bonuses#Dogma_Hate_The_Infidels'),
(11, 'hatetheinfidels', 1, 'curseinfidels_kiev', 6, 'http://wiki.medieval-europe.eu/index.php?title=Dogma_Bonuses#Dogma_Hate_The_Infidels'),
(12, 'hatetheinfidels', 1, 'curseinfidels_cairo', 5, 'http://wiki.medieval-europe.eu/index.php?title=Dogma_Bonuses#Dogma_Hate_The_Infidels'),
(13, 'hatetheinfidels', 1, 'killtheinfidels', NULL, 'http://wiki.medieval-europe.eu/index.php?title=Dogma_Bonuses#Dogma_Hate_The_Infidels'),
(14, 'hatetheinfidels', 1, 'curseinfidels_norse', 7, 'http://wiki.medieval-europe.eu/index.php?title=Dogma_Bonuses#Dogma_Hate_The_Infidels');

--
-- Dumping data for table `cfggameevents`
--

INSERT INTO `cfggameevents` (`id`, `tag`, `name`, `description`, `rulesurl`, `subscriptionstartdate`, `subscriptionenddate`, `silvercoins`, `doubloons`) VALUES
(1, 'rathunt1317', 'Rat Hunt 1317', 'Kill a lot of small and large rats for points.', 'https://www.dropbox.com/s/2q3eehd5kre00bx/The%20Rat%20Hunt%20Event.docx?dl=0', 1500037083, 1500667200, 45, 15);

--
-- Dumping data for table `cfgitems`
--

INSERT INTO `cfgitems` (`id`, `church_id`, `tag`, `parenttag`, `name`, `description`, `requiredstrength`, `price`, `parentcategory`, `category`, `subcategory`, `mindmg`, `maxdmg`, `bluntperc`, `cutperc`, `reach`, `armorpenetration`, `critical`, `text`, `defense`, `part`, `coverage`, `size`, `weight`, `droppable`, `takeable`, `stealable`, `marketsellable`, `structuresellable`, `canbesent`, `destroyontrash`, `trashable`, `canbedonated`, `taxable`, `confiscable`, `colorable`, `crafting_slot`, `craftingenabled`, `car_modifier`, `linked_role`, `spare1`, `spare2`, `spare3`, `spare4`, `spare5`, `spare6`, `spare7`, `wearfactor`) VALUES
(1, NULL, 'hoe', 'hoe', 'items.hoe_name', 'items.hoe_description', NULL, 20, 'tools', 'tool', 'tool', 0, 0, 0, 0, 0, 0, NULL, NULL, NULL, 'right_hand', NULL, 'M', 1600, 1, 1, 1, 1, 0, 1, 0, 1, 1, 1, 1, 0, 100, 1, 0, NULL, NULL, '216', NULL, NULL, '1', '1', '', 1),
(2, NULL, 'wheat_bag', 'wheat_bag', 'items.wheat_bag_name', 'items.wheat_bag_description', NULL, 20, 'resources', 'resource', 'craftingpart', NULL, NULL, NULL, NULL, NULL, NULL, NULL, NULL, NULL, NULL, NULL, NULL, 3400, 1, 1, 1, 1, 0, 1, 0, 1, 1, 1, 1, 0, 100, 1, 0, NULL, NULL, NULL, NULL, NULL, NULL, '', '', NULL),
(5, NULL, 'bread', 'bread', 'items.bread_name', 'items.bread_description', NULL, 5, 'consumables', 'resource', 'cookedfood', NULL, NULL, NULL, NULL, NULL, NULL, NULL, NULL, NULL, NULL, NULL, NULL, 200, 1, 1, 1, 1, 0, 1, 0, 1, 1, 1, 1, 0, 100, 1, 0, NULL, '4', '216', NULL, '0', '7', '7', '0', NULL),
(6, NULL, 'silvercoin', 'silvercoin', 'items.silvercoin_name', 'items.silvercoin_description', NULL, 1, 'currencies', 'currency', '', NULL, NULL, NULL, NULL, NULL, NULL, NULL, NULL, NULL, NULL, NULL, NULL, 5, 1, 1, 1, 0, 0, 1, 0, 1, 1, 1, 1, 0, 100, 1, 0, NULL, NULL, NULL, NULL, NULL, NULL, '', '', NULL),
(7, NULL, 'wood_piece', 'wood_piece', 'items.wood_piece_name', 'items.wood_piece_description', NULL, 1, 'resources', 'resource', 'craftingpart', NULL, NULL, NULL, NULL, NULL, NULL, NULL, NULL, NULL, NULL, NULL, NULL, 2500, 1, 1, 1, 1, 0, 1, 0, 1, 1, 1, 1, 0, 100, 1, 0, NULL, NULL, NULL, NULL, NULL, '0.5', '0.65', '', NULL),
(8, NULL, 'leather_armor_body', 'leather_armor', 'items.leather_armor_body_name', 'items.leather_armor_body_description', 7, 0, 'armors', 'armor', 'armor', NULL, NULL, NULL, NULL, NULL, NULL, NULL, NULL, 2.00, 'torso', 'torso', NULL, 4082, 1, 1, 1, 1, 0, 1, 0, 1, 1, 1, 1, 0, 100, 1, 2, NULL, NULL, '324', NULL, NULL, '1', '1', '', 1),
(9, NULL, 'handaxe', 'handaxe', 'items.handaxe_name', 'items.handaxe_description', NULL, 0, 'tools', 'tool', 'tool', 0, 0, 0, 0, 0, 0, NULL, NULL, NULL, 'right_hand', NULL, 'M', 1360, 1, 1, 1, 1, 0, 1, 0, 1, 1, 1, 1, 0, 100, 1, 0, NULL, NULL, '216', NULL, NULL, '1', '1', '', 1),
(11, NULL, 'iron_piece', 'iron_piece', 'items.iron_piece_name', 'items.iron_piece_description', NULL, 0, 'resources', 'resource', 'resource', NULL, NULL, NULL, NULL, NULL, NULL, NULL, NULL, NULL, NULL, NULL, NULL, 500, 1, 1, 1, 1, 0, 1, 0, 1, 1, 1, 1, 0, 100, 1, 0, NULL, NULL, NULL, NULL, NULL, '0.55', '0.7', '', NULL),
(15, NULL, 'pickaxe', 'pickaxe', 'items.pickaxe_name', 'items.pickaxe_description', NULL, 0, 'tools', 'tool', 'tool', 0, 0, 0, 0, 0, 0, NULL, NULL, NULL, 'right_hand', NULL, 'M', 2721, 1, 1, 1, 1, 0, 1, 0, 1, 1, 1, 1, 0, 100, 1, 0, NULL, NULL, '216', NULL, NULL, '1', '1', '', 1),
(16, NULL, 'jar_milk', 'jar_milk', 'items.jar_milk_name', 'items.jar_milk_description', NULL, 0, 'consumables', 'resource', 'rawfood', NULL, NULL, NULL, NULL, NULL, NULL, NULL, NULL, NULL, NULL, NULL, NULL, 500, 1, 1, 1, 1, 0, 1, 0, 1, 1, 1, 1, 0, 100, 1, 0, NULL, '2', NULL, NULL, '0', NULL, '', '', NULL),
(17, NULL, 'meat', 'meat', 'items.meat_name', 'items.meat_description', NULL, 5, 'consumables', 'resource', 'rawfood', NULL, NULL, NULL, NULL, NULL, NULL, NULL, NULL, NULL, NULL, NULL, NULL, 500, 1, 1, 1, 1, 0, 1, 0, 1, 1, 1, 1, 0, 100, 1, 0, NULL, '7', NULL, NULL, '0', NULL, '', '', NULL),
(18, NULL, 'leather_piece', 'leather_piece', 'items.leather_name', 'items.leather_description', NULL, 15, 'resources', 'resource', 'craftingpart', NULL, NULL, NULL, NULL, NULL, NULL, NULL, NULL, NULL, NULL, NULL, NULL, 3000, 1, 1, 1, 1, 0, 1, 0, 1, 1, 1, 1, 0, 100, 1, 0, NULL, NULL, NULL, NULL, NULL, NULL, '', '', NULL),
(19, NULL, 'knife', 'knife', 'items.knife_name', 'items.knife_description', 5, 0, 'weapons', 'weapon', 'weapon', 2, 4, 0, 100, 1, 35, NULL, 'global.cuts', NULL, 'right_hand', NULL, 'S', 350, 1, 1, 1, 1, 0, 1, 0, 1, 1, 1, 1, 0, 100, 1, 0, NULL, NULL, '108', NULL, NULL, '1', '1', '', 1),
(20, NULL, 'hay', 'hay', 'items.hay_name', 'items.hay_description', NULL, 1, 'resources', 'resource', 'animalfood', NULL, NULL, NULL, NULL, NULL, NULL, NULL, NULL, NULL, NULL, NULL, NULL, 3000, 1, 1, 1, 1, 0, 1, 0, 1, 1, 1, 1, 0, 100, 1, 0, NULL, NULL, NULL, NULL, NULL, NULL, '', '', NULL),
(21, NULL, 'wool_yarn', 'wool_yarn', 'items.wool_name', 'items.wool_description', NULL, 1, 'resources', 'resource', 'craftingpart', NULL, NULL, NULL, NULL, NULL, NULL, NULL, NULL, NULL, NULL, NULL, NULL, 500, 1, 1, 1, 1, 0, 1, 0, 1, 1, 1, 1, 0, 100, 1, 0, NULL, NULL, NULL, NULL, NULL, NULL, '', '', NULL),
(22, NULL, 'seed_wheat', 'seed_wheat', 'items.seed_wheat_name', 'items.seed_wheat_description', NULL, 1, 'resources', 'resource', 'seed', NULL, NULL, NULL, NULL, NULL, NULL, NULL, NULL, NULL, NULL, NULL, NULL, 0, 1, 1, 1, 1, 0, 1, 0, 1, 1, 1, 1, 0, 100, 1, 0, NULL, '6-wheat_bag;9-hay;2-seed_wheat', '0.33-cold;1-moderate;0.67-hot', '0.25-cold;0.75-moderate;0.5-hot', '0.16-cold;0.5-moderate;0.34-hot', NULL, '', '', NULL),
(23, NULL, 'rags_shirt', 'rags_shirt', 'items.rags_shirt_name', 'items.rags_shirt_description', NULL, 2, 'clothes', 'dress', 'M', NULL, NULL, NULL, NULL, NULL, NULL, NULL, NULL, 0.00, 'torso', NULL, NULL, 200, 1, 1, 1, 1, 0, 1, 0, 1, 1, 1, 1, 0, 100, 1, 1, NULL, NULL, '162', NULL, NULL, '1', '1', '', NULL),
(24, NULL, 'rags_trousers', 'rags_trousers', 'items.rags_trousers_name', 'items.rags_trousers_description', NULL, 2, 'clothes', 'dress', 'M', NULL, NULL, NULL, NULL, NULL, NULL, NULL, NULL, 0.00, 'legs', NULL, NULL, 200, 1, 1, 1, 1, 0, 1, 0, 1, 1, 1, 1, 0, 100, 1, 1, NULL, NULL, '162', NULL, NULL, '1', '1', '', NULL),
(25, NULL, 'seed_medherb', 'seed_medherb', 'items.seed_medherb_name', 'items.seed_medherb_description', NULL, 1, 'resources', 'resource', 'seed', NULL, NULL, NULL, NULL, NULL, NULL, NULL, NULL, NULL, NULL, NULL, NULL, 0, 1, 1, 1, 1, 0, 1, 0, 1, 1, 1, 1, 0, 100, 1, 0, NULL, '10-medherb;2-seed_medherb', '0.33-cold;1-moderate;0.67-hot', '0.5-cold;0.75-moderate;0.5-hot', '	0.5-cold;0.5-moderate;0.34-hot', NULL, '', '', NULL),
(26, NULL, 'medherb', 'medherb', 'items.medherb_name', 'items.medherb_description', NULL, 1, 'resources', 'resource', 'craftingpart', NULL, NULL, NULL, NULL, NULL, NULL, NULL, NULL, NULL, NULL, NULL, NULL, 500, 1, 1, 1, 1, 0, 1, 0, 1, 1, 1, 1, 0, 100, 1, 0, NULL, NULL, NULL, NULL, NULL, NULL, '', '', NULL),
(27, NULL, 'medmushroom', 'medmushroom', 'items.medmushroom_name', 'items.medmushroom_description', NULL, 1, 'resources', 'resource', 'craftingpart', NULL, NULL, NULL, NULL, NULL, NULL, NULL, NULL, NULL, NULL, NULL, NULL, 500, 1, 1, 1, 1, 0, 1, 0, 1, 1, 1, 1, 0, 100, 1, 0, NULL, NULL, NULL, NULL, NULL, '0.25', '0.4', '', NULL),
(29, NULL, 'leather_armor_shield', 'leather_armor', 'items.leather_armor_shield_name', 'items.leather_armor_shield_description', 7, 0, 'armors', 'armor', 'shield', NULL, NULL, NULL, NULL, NULL, NULL, NULL, NULL, 2.00, 'left_hand', 'left_hand', 'M', 2267, 1, 1, 1, 1, 0, 1, 0, 1, 1, 1, 1, 0, 100, 1, 0, NULL, NULL, '324', NULL, NULL, '1', '1', '', 1),
(30, NULL, 'short_sword', 'short_sword', 'items.short_sword_name', 'items.short_sword_description', 9, 0, 'weapons', 'weapon', 'weapon', 3, 8, 20, 80, 1, 65, NULL, 'global.slashes', NULL, 'right_hand', NULL, 'S', 910, 1, 1, 1, 1, 0, 1, 0, 1, 1, 1, 1, 0, 100, 1, 0, NULL, NULL, '432', NULL, NULL, '1', '1', '', 1),
(32, NULL, 'iron_bucket', 'iron_bucket', 'items.iron_bucket_name', 'items.iron_bucket_description', NULL, 0, 'tools', 'tool', 'tool', NULL, NULL, NULL, NULL, NULL, NULL, NULL, NULL, NULL, 'right_hand', NULL, NULL, 650, 1, 1, 1, 1, 0, 1, 0, 1, 1, 1, 1, 0, 100, 1, 0, NULL, NULL, '216', NULL, NULL, '1', '1', '', NULL),
(33, NULL, 'chainmail_armor_head', 'chainmail_armor', 'items.chainmail_armor_head_name', 'items.chainmail_armor_head_description', 12, 0, 'armors', 'armor', 'armor', NULL, NULL, NULL, NULL, NULL, NULL, NULL, NULL, 4.00, 'head', 'head', NULL, 2721, 1, 1, 1, 1, 0, 1, 0, 1, 1, 1, 1, 0, 100, 1, 0, NULL, NULL, '432', NULL, NULL, '1', '1', '', 1),
(35, NULL, 'doubloon', 'doubloon', 'items.doubloon_name', 'items.doubloon_description', NULL, 0, 'currencies', 'currency', NULL, NULL, NULL, NULL, NULL, NULL, NULL, NULL, NULL, NULL, NULL, NULL, NULL, 1, 1, 1, 0, 1, 0, 1, 0, 1, 1, 1, 0, 0, 100, 1, 0, NULL, NULL, NULL, NULL, NULL, NULL, '', '', NULL),
(36, NULL, 'seed_cotton', 'seed_cotton', 'items.seed_cotton_name', 'items.seed_cotton_description', NULL, 1, 'resources', 'resource', 'seed', NULL, NULL, NULL, NULL, NULL, NULL, NULL, NULL, NULL, NULL, NULL, NULL, 0, 1, 1, 1, 1, 0, 1, 0, 1, 1, 1, 1, 0, 100, 1, 0, NULL, '8-cotton_yarn;2-seed_cotton', '0.33-cold;0.67-moderate;1-hot', '0.25-cold;0.5-moderate;0.75-hot', '0.16-cold;0.34-moderate;0.5-hot', NULL, '', '', NULL),
(37, NULL, 'seed_mulberry', 'seed_mulberry', 'items.seed_mulberry_name', 'items.seed_mulberry_description', NULL, 1, 'resources', 'resource', 'seed', NULL, NULL, NULL, NULL, NULL, NULL, NULL, NULL, NULL, NULL, NULL, NULL, 0, 1, 1, 1, 1, 0, 1, 0, 1, 1, 1, 1, 0, 100, 1, 0, NULL, '5-mulberry_leaf;15-mulberry;2-seed_mulberry', '0.16-cold;0.5-moderate;0.34-hot', '0.25-cold;0.75-moderate;0.5-hot', '0.33-cold;1-moderate;0.67-hot', NULL, '', '', NULL),
(38, NULL, 'cotton_yarn', 'cotton_yarn', 'items.cotton_yarn_name', 'items.cotton_yarn_description', NULL, 1, 'resources', 'resource', 'craftingpart', NULL, NULL, NULL, NULL, NULL, NULL, NULL, NULL, NULL, NULL, NULL, NULL, 300, 1, 1, 1, 1, 0, 1, 0, 1, 1, 1, 1, 0, 100, 1, 0, NULL, NULL, NULL, NULL, NULL, NULL, '', '', NULL),
(39, NULL, 'silk_yarn', 'silk_yarn', 'items.silk_yarn_name', 'items.silk_yarn_description', NULL, 1, 'resources', 'resource', 'craftingpart', NULL, NULL, NULL, NULL, NULL, NULL, NULL, NULL, NULL, NULL, NULL, NULL, 300, 1, 1, 1, 1, 0, 1, 0, 1, 1, 1, 1, 0, 100, 1, 0, NULL, NULL, NULL, NULL, NULL, NULL, '', '', NULL),
(40, NULL, 'seed_linen', 'seed_linen', 'items.seed_linen_name', 'items.seed_linen_description', NULL, 1, 'resources', 'resource', 'seed', NULL, NULL, NULL, NULL, NULL, NULL, NULL, NULL, NULL, NULL, NULL, NULL, 0, 1, 1, 1, 1, 0, 1, 0, 1, 1, 1, 1, 0, 100, 1, 0, NULL, '9-linen_yarn;2-seed_linen', '0.33-cold;1-moderate;1-hot', '0.25-cold;0.5-moderate;0.75-hot', '0.16-cold;0.34-moderate;0.5-hot', NULL, '', '', NULL),
(41, NULL, 'linen_yarn', 'linen_yarn', 'items.linen_yarn_name', 'items.linen_yarn_description', NULL, 1, 'resources', 'resource', 'craftingpart', NULL, NULL, NULL, NULL, NULL, NULL, NULL, NULL, NULL, NULL, NULL, NULL, 300, 1, 1, 1, 1, 0, 1, 0, 1, 1, 1, 1, 0, 100, 1, 0, NULL, NULL, NULL, NULL, NULL, NULL, '', '', NULL),
(42, NULL, 'hatm_1', 'hatm_1', 'items.hatm_1_name', 'items.hatm_1_description', NULL, 15, 'clothes', 'dress', 'M', NULL, NULL, NULL, NULL, NULL, NULL, NULL, NULL, 0.00, 'head', NULL, NULL, 100, 1, 1, 1, 1, 0, 1, 0, 1, 1, 1, 1, 1, 100, 1, 0, NULL, NULL, '216', NULL, NULL, '1', '1', '', NULL),
(43, NULL, 'hood', 'hood', 'items.hood_name', 'items.hood_description', NULL, 15, 'clothes', 'dress', NULL, NULL, NULL, NULL, NULL, NULL, NULL, NULL, NULL, 0.00, 'head', NULL, NULL, 100, 1, 1, 1, 1, 0, 1, 0, 1, 1, 1, 1, 1, 100, 1, 0, NULL, NULL, '216', NULL, NULL, '1', '1', '', NULL),
(44, NULL, 'veil', 'veil', 'items.veil_name', 'items.veil_description', NULL, 15, 'clothes', 'dress', 'F', NULL, NULL, NULL, NULL, NULL, NULL, NULL, NULL, 0.00, 'head', NULL, NULL, 60, 1, 1, 1, 1, 0, 1, 0, 1, 1, 1, 1, 0, 100, 1, 1, NULL, NULL, '216', NULL, NULL, '1', '1', '', NULL),
(45, NULL, 'shirtm_1', 'shirtm_1', 'items.shirtm_1_name', 'items.shirtm_1_description', NULL, 15, 'clothes', 'dress', 'M', NULL, NULL, NULL, NULL, NULL, NULL, NULL, NULL, 0.00, 'torso', NULL, NULL, 100, 1, 1, 1, 1, 0, 1, 0, 1, 1, 1, 1, 1, 100, 1, 2, NULL, NULL, '270', NULL, NULL, '1', '1', '', NULL),
(46, NULL, 'shirtm_2', 'shirtm_2', 'items.shirtm_2_name', 'items.shirtm_2_description', NULL, 15, 'clothes', 'dress', 'M', NULL, NULL, NULL, NULL, NULL, NULL, NULL, NULL, 0.00, 'torso', NULL, NULL, 80, 1, 1, 1, 1, 0, 1, 0, 1, 1, 1, 1, 1, 100, 1, 3, NULL, NULL, '324', NULL, NULL, '1', '1', '', NULL),
(47, NULL, 'leather_trousers_1', 'leather_trousers_1', 'items.leather_trousers_1_name', 'items.leather_trousers_1_description', NULL, 15, 'clothes', 'dress', 'M', NULL, NULL, NULL, NULL, NULL, NULL, NULL, NULL, 0.00, 'legs', NULL, NULL, 2000, 1, 1, 1, 1, 0, 1, 0, 1, 1, 1, 1, 0, 100, 1, 3, NULL, NULL, '216', NULL, NULL, '1', '1', '', NULL),
(48, NULL, 'hosem_1', 'hosem_1', 'items.hosem_1_name', 'items.hosem_1_description', NULL, 15, 'clothes', 'dress', 'M', NULL, NULL, NULL, NULL, NULL, NULL, NULL, NULL, 0.00, 'legs', NULL, NULL, 200, 1, 1, 1, 1, 0, 1, 0, 1, 1, 1, 1, 1, 100, 1, 3, NULL, NULL, '216', NULL, NULL, '1', '1', '', NULL),
(49, NULL, 'robe_1', 'robe_1', 'items.robe_1_name', 'items.robe_1_description', NULL, 15, 'clothes', 'dress', 'F', NULL, NULL, NULL, NULL, NULL, NULL, NULL, NULL, 0.00, 'body', NULL, NULL, 200, 1, 1, 1, 1, 0, 1, 0, 1, 1, 1, 1, 1, 100, 1, 5, NULL, NULL, '216', NULL, NULL, '1', '1', '', NULL),
(50, NULL, 'rags_robe', 'rags_robe', 'items.rags_robe_name', 'items.rags_robe_description', NULL, 0, 'clothes', 'dress', 'F', NULL, NULL, NULL, NULL, NULL, NULL, NULL, NULL, 0.00, 'body', NULL, NULL, 200, 1, 1, 1, 1, 0, 1, 0, 1, 1, 1, 1, 0, 100, 1, 2, NULL, NULL, '162', NULL, NULL, '1', '1', '', NULL),
(51, NULL, 'noblef_1', 'noblef_1', 'items.noblef_1_name', 'items.noblef_1_description', NULL, 15, 'clothes', 'dress', 'F', NULL, NULL, NULL, NULL, NULL, NULL, NULL, NULL, 0.00, 'body', NULL, NULL, 180, 1, 1, 1, 1, 0, 1, 0, 1, 1, 1, 1, 0, 100, 1, 5, NULL, NULL, '216', NULL, NULL, '1', '1', '', NULL),
(52, NULL, 'leather_armor_feet', 'leather_armor', 'items.leather_armor_feet_name', 'items.leather_armor_feet_description', 7, 0, 'armors', 'armor', 'armor', NULL, NULL, NULL, NULL, NULL, NULL, NULL, NULL, 2.00, 'feet', 'feet', NULL, 680, 1, 1, 1, 1, 0, 1, 0, 1, 1, 1, 1, 0, 100, 1, 1, NULL, NULL, '324', NULL, NULL, '1', '1', '', 1),
(53, NULL, 'shoesf_1', 'shoesf_1', 'items.shoesf_1_name', 'items.shoesf_1_description', NULL, 10, 'clothes', 'dress', 'F', NULL, NULL, NULL, NULL, NULL, NULL, NULL, NULL, 0.00, 'feet', NULL, NULL, 350, 1, 1, 1, 1, 0, 1, 0, 1, 1, 1, 1, 0, 100, 1, 1, NULL, NULL, '216', NULL, NULL, '1', '1', '', NULL),
(54, NULL, 'shoesm_1', 'shoesm_1', 'items.shoesm_1_name', 'items.shoesm_1_description', NULL, 10, 'clothes', 'dress', 'M', NULL, NULL, NULL, NULL, NULL, NULL, NULL, NULL, 0.00, 'feet', NULL, NULL, 400, 1, 1, 1, 1, 0, 1, 0, 1, 1, 1, 1, 0, 100, 1, 1, NULL, NULL, '216', NULL, NULL, '1', '1', '', NULL),
(55, NULL, 'mulberry', 'mulberry', 'items.mulberry_name', 'items.mulberry_description', NULL, 1, 'consumables', 'resource', 'rawfood', NULL, NULL, NULL, NULL, NULL, NULL, NULL, NULL, NULL, NULL, NULL, NULL, 100, 1, 1, 1, 1, 0, 1, 0, 1, 1, 1, 1, 0, 100, 1, 0, NULL, '1', NULL, NULL, '0', NULL, '', '', NULL),
(56, NULL, 'mulberry_leaf', 'mulberry_leaf', 'items.mulberry_leaf_name', 'items.mulberry_leaf_description', NULL, 1, 'resources', 'resource', 'animalfood', NULL, NULL, NULL, NULL, NULL, NULL, NULL, NULL, NULL, NULL, NULL, NULL, 10, 1, 1, 1, 1, 0, 1, 0, 1, 1, 1, 1, 0, 100, 1, 0, NULL, NULL, NULL, NULL, NULL, NULL, '', '', NULL),
(57, NULL, 'widows_brew', 'widows_brew', 'items.widows_brew_name', 'items.widows_brew_description', NULL, 0, 'consumables', 'resource', 'cookedfood', NULL, NULL, NULL, NULL, NULL, NULL, NULL, NULL, NULL, NULL, NULL, NULL, 50, 1, 1, 1, 1, 0, 1, 0, 1, 1, 1, 1, 0, 100, 0, 0, NULL, '20', '240', NULL, '0', '1', '1', '0', NULL),
(58, 1, 'tunic_church_level_4_rome', 'tunic_church_level_4_rome', 'items.tunic_church_level_4_rome_name', 'items.tunic_church_level_4_rome_description', NULL, 100, 'clothes', 'dress', NULL, NULL, NULL, NULL, NULL, NULL, NULL, NULL, NULL, NULL, 'body', NULL, NULL, 3000, 1, 1, 1, 1, 0, 1, 0, 1, 1, 1, 1, 0, 100, 1, 6, 'church_level_4', NULL, '324', NULL, NULL, '1', '1', '', NULL),
(59, 1, 'tunic_church_level_3_rome', 'tunic_church_level_3_rome', 'items.tunic_church_level_3_rome_name', 'items.tunic_church_level_3_rome_description', NULL, 200, 'clothes', 'dress', NULL, NULL, NULL, NULL, NULL, NULL, NULL, NULL, NULL, NULL, 'body', NULL, NULL, 3500, 1, 1, 1, 1, 0, 1, 0, 1, 1, 1, 1, 0, 100, 1, 6, 'church_level_3', NULL, '378', NULL, NULL, '1', '1', '', NULL),
(60, 1, 'tunic_church_level_2_rome', 'tunic_church_level_2_rome', 'items.tunic_church_level_2_rome_name', 'items.tunic_church_level_2_rome_description', NULL, 200, 'clothes', 'dress', NULL, NULL, NULL, NULL, NULL, NULL, NULL, NULL, NULL, NULL, 'body', NULL, NULL, 3500, 1, 1, 1, 1, 0, 1, 0, 1, 1, 1, 1, 0, 100, 1, 6, 'church_level_2', NULL, '378', NULL, NULL, '1', '1', '', NULL),
(61, 1, 'tunic_church_level_1_rome', 'tunic_church_level_1_rome', 'items.tunic_church_level_1_rome_name', 'items.tunic_church_level_1_rome_description', NULL, 400, 'clothes', 'dress', NULL, NULL, NULL, NULL, NULL, NULL, NULL, NULL, NULL, NULL, 'body', NULL, NULL, 4000, 1, 1, 1, 1, 0, 1, 0, 1, 1, 1, 1, 0, 100, 1, 6, 'church_level_1', NULL, '486', NULL, NULL, '1', '1', '', NULL),
(62, 1, 'mitra_rome', 'mitra_rome', 'items.mitra_rome_name', 'items.mitra_rome_description', NULL, 50, 'clothes', 'dress', NULL, NULL, NULL, NULL, NULL, NULL, NULL, NULL, NULL, NULL, 'head', NULL, NULL, 1000, 1, 1, 1, 1, 0, 1, 0, 1, 1, 1, 1, 0, 100, 1, 3, 'ALL', NULL, '216', NULL, NULL, '1', '1', '', NULL),
(63, 1, 'pastoral_rome', 'pastoral_rome', 'items.pastoral_rome_name', 'items.pastoral_rome_description', NULL, 80, 'clothes', 'tool', 'tool', 0, 0, 0, 0, 0, 0, NULL, NULL, NULL, 'right_hand', NULL, 'L', 1500, 1, 1, 1, 1, 0, 1, 0, 1, 1, 1, 1, 0, 100, 1, 1, 'ALL', NULL, '162', NULL, NULL, '1', '1', '', 1),
(64, NULL, 'gold_piece', 'gold_piece', 'items.gold_piece_name', 'items.gold_piece_description', NULL, 50, 'resources', 'resource', 'resource', NULL, NULL, NULL, NULL, NULL, NULL, NULL, NULL, NULL, NULL, NULL, NULL, 300, 1, 1, 1, 1, 0, 1, 0, 1, 1, 1, 1, 0, 100, 1, 0, NULL, NULL, NULL, NULL, NULL, '0.015', '0.035', '', NULL),
(65, NULL, 'crown_king_1', 'crown_king_1', 'items.crown_king_1_name', 'items.crown_king_1_description', NULL, 300, 'clothes', 'jewel', NULL, NULL, NULL, NULL, NULL, NULL, NULL, NULL, NULL, NULL, 'head', NULL, NULL, 1500, 1, 1, 1, 1, 0, 1, 0, 1, 1, 1, 1, 0, 100, 1, 3, 'king', NULL, '324', NULL, NULL, '1', '1', '', NULL),
(66, NULL, 'bracelet_1', 'bracelet_1', 'items.bracelet_1_name', 'items.bracelet_1_description', NULL, 100, 'clothes', 'jewel', 'F', NULL, NULL, NULL, NULL, NULL, NULL, NULL, NULL, NULL, 'left_wrist', NULL, NULL, 200, 1, 1, 1, 1, 0, 1, 0, 1, 1, 1, 1, 0, 100, 1, 2, NULL, NULL, '216', NULL, NULL, '1', '1', '', NULL),
(67, NULL, 'manure', 'manure', 'items.manure_name', 'items.manure_description', NULL, 20, 'resources', 'resource', 'craftingpart', NULL, NULL, NULL, NULL, NULL, NULL, NULL, NULL, NULL, NULL, NULL, NULL, 2500, 1, 1, 1, 1, 0, 1, 0, 1, 1, 1, 1, 0, 100, 1, 0, NULL, NULL, NULL, NULL, NULL, NULL, '', '', NULL),
(68, NULL, 'mandragora', 'mandragora', 'items.mandragora_name', 'items.mandragora_description', NULL, 20, 'resources', 'resource', 'craftingpart', NULL, NULL, NULL, NULL, NULL, NULL, NULL, NULL, NULL, NULL, NULL, NULL, 0, 1, 1, 1, 1, 0, 1, 0, 1, 1, 1, 1, 0, 100, 1, 0, NULL, NULL, NULL, NULL, NULL, '0.025', '0.04', '', NULL),
(70, NULL, 'elixirofmight', 'elixirofmight', 'items.elixirofmight_name', 'items.elixirofmight_description', NULL, 20, 'consumables', 'potion', 'healing', NULL, NULL, NULL, NULL, NULL, NULL, NULL, NULL, NULL, NULL, NULL, NULL, 50, 1, 1, 1, 1, 0, 1, 0, 1, 1, 1, 1, 0, 100, 0, 0, NULL, '10', '480', NULL, '0', '1', '1', '0', NULL),
(71, NULL, 'ringruby', 'ringruby', 'items.ringruby_name', 'items.ringruby_description', NULL, 0, 'clothes', 'jewel', NULL, NULL, NULL, NULL, NULL, NULL, NULL, NULL, NULL, NULL, 'ring', NULL, NULL, 5, 1, 1, 1, 1, 0, 1, 0, 1, 1, 1, 1, 0, 100, 1, 1, NULL, NULL, '135', NULL, NULL, '1', '1', '', NULL),
(72, NULL, 'ringemerald', 'ringemerald', 'items.ringemerald_name', 'items.ringemerald_description', NULL, 0, 'clothes', 'jewel', NULL, NULL, NULL, NULL, NULL, NULL, NULL, NULL, NULL, NULL, 'ring', NULL, NULL, 5, 1, 1, 1, 1, 0, 1, 0, 1, 1, 1, 1, 0, 100, 1, 1, NULL, NULL, '135', NULL, NULL, '1', '1', '', NULL),
(73, NULL, 'ringsapphire', 'ringsapphire', 'items.ringsapphire_name', 'items.ringsapphire_description', NULL, 0, 'clothes', 'jewel', NULL, NULL, NULL, NULL, NULL, NULL, NULL, NULL, NULL, NULL, 'ring', NULL, NULL, 5, 1, 1, 1, 1, 0, 1, 0, 1, 1, 1, 1, 0, 100, 1, 1, NULL, NULL, '135', NULL, NULL, '1', '1', '', NULL),
(74, NULL, 'greataxe', 'waraxe', 'items.greataxe_name', 'items.greataxe_description', 17, 0, 'weapons', 'weapon', 'weapon', 6, 13, 40, 60, 4, 55, '20x2', 'global.slashes', NULL, 'right_hand', NULL, 'L', 5443, 1, 1, 1, 1, 0, 1, 0, 1, 1, 1, 1, 0, 100, 1, 0, NULL, NULL, '756', NULL, NULL, '1', '1', '', 1),
(75, NULL, 'longsword', 'longsword', 'items.longsword_name', 'items.longsword_description', 11, 0, 'weapons', 'weapon', 'weapon', 3, 10, 20, 80, 4, 65, NULL, 'global.cuts', NULL, 'right_hand', NULL, 'M', 1814, 1, 1, 1, 1, 0, 1, 0, 1, 1, 1, 1, 0, 100, 1, 0, NULL, NULL, '540', NULL, NULL, '1', '1', '', 1),
(76, NULL, 'chainmail_armor_shield', 'chainmail_armor', 'items.chainmail_armor_shield_name', 'items.chainmail_armor_shield_description', 12, 0, 'armors', 'armor', 'shield', NULL, NULL, NULL, NULL, NULL, NULL, NULL, NULL, 4.00, 'left_hand', 'left_hand', 'M', 2720, 1, 1, 1, 1, 0, 1, 0, 1, 1, 1, 1, 0, 100, 1, 0, NULL, NULL, '576', NULL, NULL, '1', '1', '', 1),
(77, NULL, 'hatf_1', 'hatf_1', 'items.hatf_1_name', 'items.hatf_1_description', NULL, 0, 'clothes', 'dress', 'F', NULL, NULL, NULL, NULL, NULL, NULL, NULL, NULL, NULL, 'head', NULL, NULL, 100, 1, 1, 1, 1, 0, 1, 0, 1, 1, 1, 1, 0, 100, 1, 0, NULL, NULL, '216', NULL, NULL, '1', '1', '', NULL),
(78, NULL, 'hosem_2', 'hosem_2', 'items.hosem_2_name', 'items.hosem_2_description', NULL, 15, 'clothes', 'dress', 'M', NULL, NULL, NULL, NULL, NULL, NULL, NULL, NULL, NULL, 'legs', NULL, NULL, 150, 1, 1, 1, 1, 0, 1, 0, 1, 1, 1, 1, 1, 100, 1, 3, NULL, NULL, '216', NULL, NULL, '1', '1', '', NULL),
(79, NULL, 'leather_armor_legs', 'leather_armor', 'items.leather_armor_legs_name', 'items.leather_armor_legs_description', 7, 0, 'armors', 'armor', 'armor', NULL, NULL, NULL, NULL, NULL, NULL, NULL, NULL, 2.00, 'legs', 'legs', NULL, 1361, 1, 1, 1, 1, 0, 1, 0, 1, 1, 1, 1, 0, 100, 1, 3, NULL, NULL, '324', NULL, NULL, '1', '1', '', 1),
(80, NULL, 'chainmail_armor_body', 'chainmail_armor', 'items.chainmail_armor_body_name', 'items.chainmail_armor_body_description', 12, 0, 'armors', 'armor', 'armor', NULL, NULL, NULL, NULL, NULL, NULL, NULL, NULL, 4.00, 'torso', 'torso|left_hand|right_hand', NULL, 6350, 1, 1, 1, 1, 0, 1, 0, 1, 1, 1, 1, 0, 100, 1, 2, NULL, NULL, '504', NULL, NULL, '1', '1', '', 1),
(81, NULL, 'coppercoin', 'coppercoin', 'items.coppercoin_name', 'items.coppercoin_description', NULL, 1, 'currencies', 'currency', '', NULL, NULL, NULL, NULL, NULL, NULL, NULL, NULL, NULL, NULL, NULL, NULL, 5, 1, 1, 1, 0, 0, 1, 0, 1, 1, 1, 1, 0, 100, 1, 0, NULL, NULL, NULL, NULL, NULL, NULL, '', '', NULL),
(82, NULL, 'stone_piece', 'stone_piece', 'items.stone_piece_name', 'items.stone_piece_description', NULL, 1, 'resources', 'resource', 'resource', NULL, NULL, NULL, NULL, NULL, NULL, NULL, NULL, NULL, NULL, NULL, NULL, 2000, 1, 1, 1, 1, 0, 1, 0, 1, 1, 1, 1, 0, 100, 1, 0, NULL, NULL, NULL, NULL, NULL, '0.5', '0.65', '', NULL),
(83, NULL, 'paper_piece', 'paper_piece', 'items.paper_piece_name', 'items.paper_piece_description', NULL, 0, 'scrolls', 'resource', 'craftingpart', NULL, NULL, NULL, NULL, NULL, NULL, NULL, NULL, NULL, NULL, NULL, NULL, 5, 1, 1, 1, 1, 0, 1, 0, 1, 1, 1, 1, 0, 100, 1, 0, NULL, NULL, '60', NULL, NULL, '20', '20', '', NULL),
(84, NULL, 'wood_dummy', 'wood_dummy', 'items.wood_dummy_name', 'items.wood_dummy_description', NULL, 0, 'resources', 'resource', 'craftingpart', NULL, NULL, NULL, NULL, NULL, NULL, NULL, NULL, NULL, NULL, NULL, NULL, 20000, 1, 1, 1, 1, 0, 1, 0, 1, 1, 1, 1, 0, 100, 1, 0, NULL, NULL, '162', NULL, NULL, '1', '1', '', NULL),
(86, NULL, 'scroll_propertylicense', 'scroll_propertylicense', 'items.scroll_propertylicense_name', 'items.scroll_propertylicense_description', NULL, 0, 'scrolls', 'scroll', 'propertylicense', NULL, NULL, NULL, NULL, NULL, NULL, NULL, NULL, NULL, NULL, NULL, NULL, 1, 1, 1, 0, 1, 0, 0, 1, 0, 0, 1, 0, 0, 100, 1, 0, NULL, NULL, NULL, NULL, NULL, NULL, '0', '0', NULL),
(87, NULL, 'cart_1', 'cart_1', 'items.cart_1_name', 'items.cart_1_description', NULL, 20, 'others', 'resource', 'cart', NULL, NULL, NULL, NULL, NULL, NULL, NULL, NULL, NULL, NULL, NULL, NULL, 300000, 1, 1, 0, 1, 0, 0, 0, 1, 1, 1, 1, 0, 10, 1, 0, NULL, NULL, '720', NULL, NULL, '1', '1', '', NULL),
(89, NULL, 'cart_3', 'cart_3', 'items.cart_3_name', 'items.cart_3_description', NULL, 20, 'others', 'resource', 'cart', NULL, NULL, NULL, NULL, NULL, NULL, NULL, NULL, NULL, NULL, NULL, NULL, 600000, 0, 1, 0, 0, 0, 0, 0, 0, 0, 1, 1, 0, 100, 1, 0, NULL, NULL, NULL, NULL, NULL, NULL, '', '', NULL),
(92, NULL, 'coal_piece', 'coal_piece', 'items.coal_piece_name', 'items.coal_piece_description', NULL, 0, 'resources', 'resource', 'resource', NULL, NULL, NULL, NULL, NULL, NULL, NULL, NULL, NULL, NULL, NULL, NULL, 2500, 1, 1, 1, 1, 0, 1, 0, 1, 1, 1, 1, 0, 100, 1, 0, NULL, NULL, NULL, NULL, NULL, '0.35', '0.5', '', NULL),
(93, NULL, 'sand_heap', 'sand_heap', 'items.sand_heap_name', 'items.sand_heap_description', NULL, 0, 'resources', 'resource', 'resource', NULL, NULL, NULL, NULL, NULL, NULL, NULL, NULL, NULL, NULL, NULL, NULL, 3500, 1, 1, 1, 1, 0, 1, 0, 1, 1, 1, 1, 0, 100, 1, 0, NULL, NULL, NULL, NULL, NULL, '0.35', '0.5', '', NULL),
(94, NULL, 'shovel', 'shovel', 'items.shovel_name', 'items.shovel_description', NULL, 0, 'tools', 'tool', 'tool', 0, 0, 0, 0, 0, 0, NULL, NULL, NULL, 'right_hand', NULL, 'M', 2000, 1, 1, 1, 1, 0, 1, 0, 1, 1, 1, 1, 0, 100, 1, 0, NULL, NULL, '216', NULL, NULL, '1', '1', '', 1),
(95, NULL, 'salt_heap', 'salt_heap', 'items.salt_heap_name', 'items.salt_heap_description', NULL, 0, 'resources', 'resource', 'resource', NULL, NULL, NULL, NULL, NULL, NULL, NULL, NULL, NULL, NULL, NULL, NULL, 500, 1, 1, 1, 1, 0, 1, 0, 1, 1, 1, 1, 0, 100, 1, 0, NULL, NULL, NULL, NULL, NULL, '0.3', '0.5', '', NULL),
(96, NULL, 'clay_piece', 'clay_piece', 'items.clay_piece_name', 'items.clay_piece_description', NULL, 0, 'resources', 'resource', 'resource', NULL, NULL, NULL, NULL, NULL, NULL, NULL, NULL, NULL, NULL, NULL, NULL, 4000, 1, 1, 1, 1, 0, 1, 0, 1, 1, 1, 1, 0, 100, 1, 0, NULL, NULL, NULL, NULL, NULL, '0.46', '0.6', '', NULL),
(97, NULL, 'honey', 'honey', 'items.honey_name', 'items.honey_description', NULL, 0, 'consumables', 'resource', 'rawfood', NULL, NULL, NULL, NULL, NULL, NULL, NULL, NULL, NULL, NULL, NULL, NULL, 200, 1, 1, 1, 1, 0, 1, 0, 1, 1, 1, 1, 0, 100, 1, 0, NULL, '2', NULL, NULL, '0', '0.15', '0.25', '', NULL),
(98, NULL, 'wax_piece', 'wax_piece', 'items.wax_piece_name', 'items.wax_piece_description', NULL, 0, 'resources', 'resource', 'resource', NULL, NULL, NULL, NULL, NULL, NULL, NULL, NULL, NULL, NULL, NULL, NULL, 500, 1, 1, 1, 1, 0, 1, 0, 1, 1, 1, 1, 0, 100, 1, 0, NULL, NULL, NULL, NULL, NULL, '0.25', '0.35', '', NULL),
(99, NULL, 'fish', 'fish', 'items.fish_name', 'items.fish_description', NULL, 0, 'consumables', 'resource', 'rawfood', NULL, NULL, NULL, NULL, NULL, NULL, NULL, NULL, NULL, NULL, NULL, NULL, 1000, 1, 1, 1, 1, 0, 1, 0, 1, 1, 1, 1, 0, 100, 1, 0, NULL, '6', NULL, NULL, '0', '0.09', '0.15', '', NULL),
(100, NULL, 'seed_flowers', 'seed_flowers', 'items.seed_flowers_name', 'items.seed_flowers_description', NULL, 1, 'resources', 'resource', 'seed', NULL, NULL, NULL, NULL, NULL, NULL, NULL, NULL, NULL, NULL, NULL, NULL, 0, 1, 1, 1, 1, 0, 1, 0, 1, 1, 1, 1, 0, 100, 1, 0, NULL, '10-flowers;2-seed_flowers', '0.67-cold;1-moderate;0.5-hot', '0.5-cold;1-moderate;0.34-hot', '0.33-cold;0.75-moderate;0.16-hot', '', '', '', NULL),
(101, NULL, 'flowers', 'flowers', 'items.flowers_name', 'items.flowers_description', NULL, 0, 'resources', 'resource', 'craftingpart', NULL, NULL, NULL, NULL, NULL, NULL, NULL, NULL, NULL, NULL, NULL, NULL, 50, 1, 1, 1, 1, 0, 1, 0, 1, 1, 1, 1, 0, 100, 1, 0, NULL, NULL, NULL, NULL, NULL, '', '', '', NULL),
(102, NULL, 'waxseal', 'waxseal', 'items.waxseal_name', 'items.waxseal_description', NULL, 0, 'scrolls', 'resource', 'craftingpart', NULL, NULL, NULL, NULL, NULL, NULL, NULL, NULL, NULL, NULL, NULL, NULL, 10, 1, 1, 1, 1, 0, 1, 0, 1, 1, 1, 1, 0, 100, 1, 0, NULL, NULL, '27', NULL, NULL, '10', '10', '', NULL),
(103, NULL, 'glassbulb', 'glassbulb', 'items.glassbulb_name', 'items.glassbulb_description', NULL, 0, 'resources', 'resource', 'craftingpart', NULL, NULL, NULL, NULL, NULL, NULL, NULL, NULL, NULL, NULL, NULL, NULL, 400, 1, 1, 1, 1, 0, 1, 0, 1, 1, 1, 1, 0, 100, 1, 0, NULL, NULL, '162', NULL, NULL, '3', '3', '', NULL),
(104, NULL, 'fishing_net', 'fishing_net', 'items.fishing_net_name', 'items.fishing_net_description', NULL, 0, 'tools', 'tool', 'tool', NULL, NULL, NULL, NULL, NULL, NULL, NULL, NULL, NULL, 'right_hand', NULL, NULL, 5000, 1, 1, 1, 1, 0, 1, 0, 1, 1, 1, 1, 0, 100, 1, 0, NULL, NULL, '270', NULL, NULL, '1', '1', '', NULL),
(105, NULL, 'bellow', 'bellow', 'items.bellow_name', 'items.bellow_description', NULL, 0, 'tools', 'tool', 'tool', NULL, NULL, NULL, NULL, NULL, NULL, NULL, NULL, NULL, 'right_hand', NULL, NULL, 1000, 1, 1, 1, 1, 0, 1, 0, 1, 1, 1, 1, 0, 100, 1, 0, NULL, NULL, '270', NULL, NULL, '1', '1', '', NULL),
(106, NULL, 'fertilizer', 'fertilizer', 'items.fertilizer_name', 'items.fertilizer_description', NULL, 0, 'resources', 'resource', 'craftingpart', NULL, NULL, NULL, NULL, NULL, NULL, NULL, NULL, NULL, NULL, NULL, NULL, 1000, 1, 1, 1, 1, 0, 1, 0, 1, 1, 1, 1, 0, 100, 1, 0, NULL, NULL, '108', NULL, NULL, '15', '15', '', NULL),
(107, NULL, 'pottery', 'pottery', 'items.pottery_name', 'items.pottery_description', NULL, 0, 'tools', 'resource', 'craftingpart', NULL, NULL, NULL, NULL, NULL, NULL, NULL, NULL, NULL, 'right_hand', NULL, NULL, 500, 1, 1, 1, 1, 0, 1, 0, 1, 1, 1, 1, 0, 100, 1, 0, NULL, NULL, '324', NULL, NULL, '8', '8', '', NULL),
(108, NULL, 'brick', 'brick', 'items.brick_name', 'items.brick_description', NULL, 0, 'resources', 'resource', 'craftingpart', NULL, NULL, NULL, NULL, NULL, NULL, NULL, NULL, NULL, NULL, NULL, NULL, 500, 1, 1, 1, 1, 0, 1, 0, 1, 1, 1, 1, 0, 100, 1, 0, NULL, NULL, '108', NULL, NULL, '6', '6', '', NULL),
(109, NULL, 'meat_soup', 'meat_soup', 'items.meat_soup_name', 'items.meat_soup_description', NULL, 0, 'consumables', 'resource', 'cookedfood', NULL, NULL, NULL, NULL, NULL, NULL, NULL, NULL, NULL, NULL, NULL, NULL, 500, 1, 1, 1, 1, 0, 1, 0, 1, 1, 1, 1, 0, 100, 1, 0, NULL, '35', '108', NULL, '0', '2', '2', '0', NULL),
(110, NULL, 'fish_soup', 'fish_soup', 'items.fish_soup_name', 'items.fish_soup_description', NULL, 0, 'consumables', 'resource', 'cookedfood', NULL, NULL, NULL, NULL, NULL, NULL, NULL, NULL, NULL, NULL, NULL, NULL, 500, 1, 1, 1, 1, 0, 1, 0, 1, 1, 1, 1, 0, 100, 1, 0, NULL, '35', '108', NULL, '0', '2', '2', '0', NULL),
(111, NULL, 'mulberry_cake', 'mulberry_cake', 'items.mulberry_cake_name', 'items.mulberry_cake_description', NULL, 0, 'consumables', 'resource', 'cookedfood', NULL, NULL, NULL, NULL, NULL, NULL, NULL, NULL, NULL, NULL, NULL, NULL, 1000, 1, 1, 1, 1, 0, 1, 0, 1, 1, 1, 1, 0, 100, 1, 0, NULL, '20', '432', NULL, '0', '8', '8', '0', NULL),
(112, NULL, 'cheese', 'cheese', 'items.cheese_name', 'items.cheese_description', NULL, 0, 'consumables', 'resource', 'cookedfood', NULL, NULL, NULL, NULL, NULL, NULL, NULL, NULL, NULL, NULL, NULL, NULL, 400, 1, 1, 1, 1, 0, 1, 0, 1, 1, 1, 1, 0, 25, 1, 0, NULL, '25', '480', NULL, '0', '8', '8', '0', NULL),
(113, NULL, 'halberd', 'halberd', 'items.halberd_name', 'items.halberd_description', 17, 0, 'weapons', 'weapon', 'weapon', 5, 13, 60, 40, 5, 70, '19x3', 'global.slashes', NULL, 'right_hand', NULL, 'L', 5443, 1, 1, 1, 1, 0, 1, 0, 1, 1, 1, 1, 0, 100, 1, 0, NULL, NULL, '756', NULL, NULL, '1', '1', '', 1),
(114, NULL, 'platemail_armor_body', 'platemail_armor', 'items.platemail_armor_body_name', 'items.platemail_armor_body_description', 17, 0, 'armors', 'armor', 'armor', NULL, NULL, NULL, NULL, NULL, NULL, NULL, NULL, 6.00, 'torso', 'torso|left_hand|right_hand', NULL, 2268, 1, 1, 1, 1, 0, 1, 0, 1, 1, 1, 1, 0, 100, 1, 2, NULL, NULL, '648', NULL, '14', '1', '1', '', 1),
(115, NULL, 'platemail_armor_head', 'platemail_armor', 'items.platemail_armor_head_name', 'items.platemail_armor_head_description', 17, 0, 'armors', 'armor', 'armor', NULL, NULL, NULL, NULL, NULL, NULL, NULL, NULL, 6.00, 'head', 'head', NULL, 4530, 1, 1, 1, 1, 0, 1, 0, 1, 1, 1, 1, 0, 100, 1, 0, NULL, NULL, '648', NULL, NULL, '1', '1', '', 1),
(116, NULL, 'platemail_armor_legs', 'platemail_armor', 'items.platemail_armor_legs_name', 'items.platemail_armor_legs_description', 17, 0, 'armors', 'armor', 'armor', NULL, NULL, NULL, NULL, NULL, NULL, NULL, NULL, 6.00, 'legs', 'legs', NULL, 2268, 1, 1, 1, 1, 0, 1, 0, 1, 1, 1, 1, 0, 100, 1, 3, NULL, NULL, '648', NULL, '14', '1', '1', '', 1),
(117, NULL, 'platemail_armor_feet', 'platemail_armor', 'items.platemail_armor_feet_name', 'items.platemail_armor_feet_description', 17, 0, 'armors', 'armor', 'armor', NULL, NULL, NULL, NULL, NULL, NULL, NULL, NULL, 6.00, 'feet', 'feet', NULL, 4536, 1, 1, 1, 1, 0, 1, 0, 1, 1, 1, 1, 0, 100, 1, 1, NULL, NULL, '648', NULL, '14', '1', '1', '', 1),
(118, NULL, 'mace', 'bludgeon', 'items.mace_name', 'items.mace_description', 14, 0, 'weapons', 'weapon', 'weapon', 4, 12, 70, 30, 3, 55, '20x2', 'global.pierces', NULL, 'right_hand', NULL, 'M', 3628, 1, 1, 1, 1, 0, 1, 0, 1, 1, 1, 1, 0, 100, 1, 0, NULL, NULL, '648', NULL, NULL, '1', '1', '', 1),
(119, NULL, 'platemail_armor_shield', 'platemail_armor', 'items.platemail_armor_shield_name', 'items.platemail_armor_shield_description', 17, 0, 'armors', 'armor', 'shield', NULL, NULL, NULL, NULL, NULL, NULL, NULL, NULL, 6.00, 'left_hand', 'left_hand', NULL, 13607, 1, 1, 1, 1, 0, 1, 0, 1, 1, 1, 1, 0, 100, 1, 0, NULL, NULL, '648', NULL, NULL, '1', '1', '', 1),
(120, NULL, 'wooden_normanshield_1', 'wooden_normanshield_1', 'items.wooden_normanshield_1_name', 'items.wooden_normanshield_1_description', 12, 50, 'armors', 'armor', 'shield', NULL, NULL, NULL, NULL, NULL, NULL, NULL, NULL, 3.00, 'left_hand', 'left_hand', NULL, 4530, 1, 1, 1, 1, 0, 1, 0, 1, 1, 1, 1, 0, 100, 0, 0, NULL, NULL, '432', NULL, NULL, '1', '1', '', 1),
(121, NULL, 'scroll_conquerirorder', 'scroll_conquerirorder', 'items.scroll_conquerirorder_name', 'items.scroll_conquerirorder_description', NULL, 20, 'scrolls', 'scroll', 'conquerirorder', NULL, NULL, NULL, NULL, NULL, NULL, NULL, NULL, NULL, NULL, NULL, NULL, 1, 0, 1, 0, 0, 0, 1, 1, 1, 0, 0, 0, 0, 100, 1, 0, NULL, NULL, NULL, NULL, NULL, '0', '0', '', NULL),
(122, NULL, 'scroll_generic', 'scroll_generic', 'items.scroll_generic_name', 'items.scroll_generic_description', NULL, 0, 'scrolls', 'scroll', 'generic', NULL, NULL, NULL, NULL, NULL, NULL, NULL, NULL, NULL, NULL, NULL, NULL, 1, 1, 1, 0, 1, 0, 1, 1, 1, 1, 0, 0, 0, 100, 1, 0, NULL, NULL, NULL, NULL, NULL, NULL, '', '', NULL),
(123, NULL, 'dyebowl', 'dyebowl', 'items.dyebowl_name', 'items.dyebowl_description', NULL, 10, 'resources', 'resource', 'craftingpart', NULL, NULL, NULL, NULL, NULL, NULL, NULL, NULL, NULL, NULL, NULL, NULL, 1500, 1, 1, 1, 1, 0, 1, 0, 1, 1, 1, 1, 0, 100, 1, 0, NULL, NULL, '108', NULL, NULL, '1', '1', '', NULL),
(124, NULL, 'scroll_arrestwarrant', 'scroll_arrestwarrant', 'items.scroll_arrestwarrant_name', 'items.scroll_arrestwarrant_description', NULL, 10, 'scrolls', 'scroll', 'arrestwarrant', NULL, NULL, NULL, NULL, NULL, NULL, NULL, NULL, NULL, NULL, NULL, NULL, 1, 1, 1, 0, 0, 0, 1, 1, 1, 0, 0, 0, 0, 100, 1, 0, NULL, NULL, NULL, NULL, NULL, NULL, '', '', NULL),
(125, NULL, 'goldenbasin', 'goldenbasin', 'items.goldenbasin_name', 'items.goldenbasin_description', NULL, 20, 'resources', 'resource', 'craftingpart', NULL, NULL, NULL, NULL, NULL, NULL, NULL, NULL, NULL, NULL, NULL, NULL, 100, 1, 1, 1, 1, 0, 1, 0, 1, 1, 1, 1, 0, 10, 1, 0, NULL, NULL, '720', NULL, NULL, '1', '1', '', NULL),
(128, NULL, 'medicalkit', 'medicalkit', 'items.medicalkit_name', 'items.medicalkit_description', NULL, 20, 'consumables', 'resource', 'resource', NULL, NULL, NULL, NULL, NULL, NULL, NULL, NULL, NULL, NULL, NULL, NULL, 50, 1, 1, 1, 1, 1, 1, 0, 1, 1, 0, 0, 0, 100, 1, 0, NULL, NULL, '162', '0', '0', '2', '2', '', NULL),
(129, 3, 'tunic_church_level_1_turnu', 'tunic_church_level_1_turnu', 'items.tunic_church_level_1_turnu_name', 'items.tunic_church_level_1_turnu_description', NULL, 200, 'clothes', 'dress', NULL, NULL, NULL, NULL, NULL, NULL, NULL, NULL, NULL, NULL, 'body', NULL, NULL, 3500, 1, 1, 1, 1, 0, 1, 0, 1, 1, 1, 1, 0, 100, 1, 6, 'church_level_1', NULL, '486', NULL, NULL, '1', '1', '', NULL),
(130, 3, 'tunic_church_level_2_turnu', 'tunic_church_level_2_turnu', 'items.tunic_church_level_2_turnu_name', 'items.tunic_church_level_2_turnu_description', NULL, 200, 'clothes', 'dress', NULL, NULL, NULL, NULL, NULL, NULL, NULL, NULL, NULL, NULL, 'body', NULL, NULL, 3500, 1, 1, 1, 1, 0, 1, 0, 1, 1, 1, 1, 0, 100, 1, 6, 'church_level_2', NULL, '378', NULL, NULL, '1', '1', '', NULL),
(131, 3, 'tunic_church_level_3_turnu', 'tunic_church_level_3_turnu', 'items.tunic_church_level_3_turnu_name', 'items.tunic_church_level_3_turnu_description', NULL, 200, 'clothes', 'dress', NULL, NULL, NULL, NULL, NULL, NULL, NULL, NULL, NULL, NULL, 'body', NULL, NULL, 3500, 1, 1, 1, 1, 0, 1, 0, 1, 1, 1, 1, 0, 100, 1, 6, 'church_level_3', NULL, '378', NULL, NULL, '1', '1', '', NULL),
(132, 3, 'tunic_church_level_4_turnu', 'tunic_church_level_4_turnu', 'items.tunic_church_level_4_turnu_name', 'items.tunic_church_level_4_turnu_description', NULL, 200, 'clothes', 'dress', NULL, NULL, NULL, NULL, NULL, NULL, NULL, NULL, NULL, NULL, 'body', NULL, NULL, 3500, 1, 1, 1, 1, 0, 1, 0, 1, 1, 1, 1, 0, 100, 1, 6, 'church_level_4', NULL, '324', NULL, NULL, '1', '1', '', NULL),
(133, 3, 'panzva_turnu', 'panzva_turnu', 'items.panzva_turnu_name', 'items.panzva_turnu_description', NULL, 50, 'clothes', 'dress', NULL, NULL, NULL, NULL, NULL, NULL, NULL, NULL, NULL, NULL, 'head', NULL, NULL, 1000, 1, 1, 1, 1, 0, 1, 0, 1, 1, 1, 1, 0, 100, 1, 3, 'ALL', NULL, '216', NULL, NULL, '1', '1', '', NULL),
(134, 3, 'mysticrod_turnu', 'mysticrod_turnu', 'items.mysticrod_turnu_name', 'items.mysticrod_turnu_description', NULL, 80, 'clothes', 'tool', 'tool', 0, 0, 0, 0, 0, 0, NULL, NULL, NULL, 'right_hand', NULL, 'L', 1500, 1, 1, 1, 1, 0, 1, 0, 1, 1, 1, 1, 0, 100, 1, 1, 'ALL', NULL, '162', NULL, NULL, '1', '1', '', 1),
(141, NULL, 'healing_pill', 'mielora', 'items.healing_pill_name', 'items.healing_pill_description', NULL, 0, 'consumables', 'resource', 'healing', NULL, NULL, NULL, NULL, NULL, NULL, NULL, NULL, NULL, NULL, NULL, NULL, 50, 1, 1, 1, 1, 0, 1, 0, 1, 1, 1, 1, 0, 100, 1, 0, NULL, NULL, '162', '10', '0', '8', '8', '5', NULL),
(142, NULL, 'hammer', 'hammer', 'items.hammer_name', 'items.hammer_name', NULL, 0, 'tools', 'tool', 'tool', 0, 0, 0, 0, 0, 0, NULL, NULL, NULL, 'right_hand', NULL, 'M', 1500, 1, 1, 1, 1, 0, 1, 0, 1, 1, 1, 1, 0, 100, 1, 0, NULL, NULL, '108', NULL, NULL, '1', '1', '', 1),
(143, NULL, 'cart_2', 'cart_2', 'items.cart_2_name', 'items.cart_2_description', NULL, 0, 'others', 'resource', 'cart', NULL, NULL, NULL, NULL, NULL, NULL, NULL, NULL, NULL, NULL, NULL, NULL, 100000, 1, 1, 0, 1, 0, 0, 0, 1, 1, 1, 1, 0, 20, 1, 0, NULL, NULL, '720', NULL, NULL, '1', '1', '', NULL),
(145, NULL, 'scimitar', 'scimitar', 'items.scimitar_name', 'items.scimitar_description', 11, 0, 'weapons', 'weapon', 'weapon', 3, 10, 30, 70, 3, 65, NULL, 'global.slashes', NULL, 'right_hand', NULL, 'M', 1810, 1, 1, 1, 1, 0, 1, 0, 1, 1, 1, 1, 0, 100, 1, 0, NULL, NULL, '540', NULL, NULL, '1', '1', '', 1),
(146, NULL, 'warhammer', 'warhammer', 'items.warhammer_name', 'items.warhammer_description', 14, 0, 'weapons', 'weapon', 'weapon', 4, 12, 80, 20, 3, 90, '20x2', 'global.smashes', NULL, 'right_hand', NULL, 'M', 2267, 1, 1, 1, 1, 0, 1, 0, 1, 1, 1, 1, 0, 100, 1, 0, NULL, NULL, '648', NULL, NULL, '1', '1', '', 1),
(147, NULL, 'morningstar', 'morningstar', 'items.morningstar_name', 'items.morningstar_description', 14, 0, 'weapons', 'weapon', 'weapon', 4, 12, 70, 30, 3, 80, '20x2', 'global.smashes', NULL, 'right_hand', NULL, 'M', 2721, 1, 1, 1, 1, 0, 1, 0, 1, 1, 1, 1, 0, 100, 1, 0, NULL, NULL, '648', NULL, NULL, '1', '1', '', 1),
(148, NULL, 'fauchard', 'fauchard', 'items.fauchard_name', 'items.fauchard_description', 17, 0, 'weapons', 'weapon', 'weapon', 5, 13, 30, 70, 5, 60, '19x3', 'global.slashes', NULL, 'right_hand', NULL, 'L', 3628, 1, 1, 1, 1, 0, 1, 0, 1, 1, 1, 1, 0, 100, 1, 0, NULL, NULL, '756', NULL, NULL, '1', '1', '', 1),
(149, NULL, 'largejar', 'largejar', 'items.largejar_name', 'items.largejar_description', NULL, 20, 'resources', 'resource', 'craftingpart', NULL, NULL, NULL, NULL, NULL, NULL, NULL, NULL, NULL, NULL, NULL, NULL, 300000, 1, 1, 1, 1, 0, 1, 0, 1, 1, 1, 1, 0, 10, 1, 0, NULL, NULL, '720', NULL, NULL, '1', '1', '', NULL),
(150, NULL, 'jartar', 'jartar', 'items.jartar_name', 'items.jartar_description', NULL, 20, 'others', 'specialitem', 'specialitem', NULL, NULL, NULL, NULL, NULL, NULL, NULL, NULL, NULL, NULL, NULL, NULL, 450000, 1, 1, 1, 1, 0, 1, 0, 1, 1, 1, 1, 0, 25, 1, 0, NULL, NULL, '720', NULL, NULL, '1', '1', '', NULL),
(151, 5, 'tunic_church_level_1_cairo', 'tunic_church_level_1_cairo', 'items.tunic_church_level_1_cairo_name', 'items.tunic_church_level_1_cairo_description', NULL, 200, 'clothes', 'dress', NULL, NULL, NULL, NULL, NULL, NULL, NULL, NULL, NULL, NULL, 'body', NULL, NULL, 3500, 1, 1, 1, 1, 0, 1, 0, 1, 1, 1, 1, 0, 100, 1, 6, 'church_level_1', NULL, '486', NULL, NULL, '1', '1', '', NULL),
(152, 5, 'tunic_church_level_2_cairo', 'tunic_church_level_2_cairo', 'items.tunic_church_level_2_cairo_name', 'items.tunic_church_level_2_cairo_description', NULL, 200, 'clothes', 'dress', NULL, NULL, NULL, NULL, NULL, NULL, NULL, NULL, NULL, NULL, 'body', NULL, NULL, 3500, 1, 1, 1, 1, 0, 1, 0, 1, 1, 1, 1, 0, 100, 1, 6, 'church_level_2', NULL, '378', NULL, NULL, '1', '1', '', NULL),
(153, 5, 'tunic_church_level_3_cairo', 'tunic_church_level_3_cairo', 'items.tunic_church_level_3_cairo_name', 'items.tunic_church_level_3_cairo_description', NULL, 200, 'clothes', 'dress', NULL, NULL, NULL, NULL, NULL, NULL, NULL, NULL, NULL, NULL, 'body', NULL, NULL, 3500, 1, 1, 1, 1, 0, 1, 0, 1, 1, 1, 1, 0, 100, 1, 6, 'church_level_3', NULL, '378', NULL, NULL, '1', '1', '', NULL),
(154, 5, 'tunic_church_level_4_cairo', 'tunic_church_level_4_cairo', 'items.tunic_church_level_4_cairo_name', 'items.tunic_church_level_4_cairo_description', NULL, 200, 'clothes', 'dress', NULL, NULL, NULL, NULL, NULL, NULL, NULL, NULL, NULL, NULL, 'body', NULL, NULL, 3500, 1, 1, 1, 1, 0, 1, 0, 1, 1, 1, 1, 0, 100, 1, 6, 'church_level_4', NULL, '324', NULL, NULL, '1', '1', '', NULL),
(155, 5, 'hat_cairo', 'hat_cairo', 'items.hat_cairo_name', 'items.hat_cairo_description', NULL, 50, 'clothes', 'dress', NULL, NULL, NULL, NULL, NULL, NULL, NULL, NULL, NULL, NULL, 'head', NULL, NULL, 1000, 1, 1, 1, 1, 0, 1, 0, 1, 1, 1, 1, 0, 100, 1, 3, 'ALL', NULL, '216', NULL, NULL, '1', '1', '', NULL),
(157, NULL, 'potion_violet', 'potion_violet', 'items.potion_violet_name', 'items.potion_violet_description', NULL, 20, 'resources', 'resource', 'cure', NULL, NULL, NULL, NULL, NULL, NULL, NULL, NULL, NULL, NULL, NULL, NULL, 150, 1, 1, 1, 1, 0, 1, 0, 1, 1, 0, 0, 0, 100, 1, 0, NULL, 'plague', '432', '0', '0', '2', '2', '', NULL),
(158, NULL, 'questtoken', 'questtoken', 'items.questtoken_name', 'items.questtoken_description', NULL, 0, 'others', 'specialitem', 'specialitem', NULL, NULL, NULL, NULL, NULL, NULL, NULL, NULL, NULL, NULL, NULL, NULL, 25, 1, 1, 1, 1, 0, 1, 0, 1, 1, 1, 1, 0, 100, 1, 0, NULL, NULL, '216', NULL, NULL, '3', '3', '', NULL),
(159, NULL, 'woodenbarrel', 'woodenbarrel', 'items.woodenbarrel_name', 'items.woodenbarrel_description', NULL, 100, 'structuretool', 'structuretool', 'resource', NULL, NULL, NULL, NULL, NULL, NULL, NULL, NULL, NULL, NULL, NULL, NULL, 30000, 1, 1, 1, 1, 0, 1, 0, 1, 1, 1, 1, 0, 100, 1, 0, NULL, NULL, '432', NULL, NULL, '1', '1', '2', NULL),
(160, NULL, 'seed_hop', 'seed_hop', 'items.seed_hop_name', 'items.seed_hop_description', NULL, 1, 'resources', 'resource', 'seed', NULL, NULL, NULL, NULL, NULL, NULL, NULL, NULL, NULL, NULL, NULL, NULL, 0, 1, 1, 1, 1, 0, 1, 0, 1, 1, 1, 1, 0, 100, 1, 0, NULL, '10-hop;2-seed_hop', '1-cold;0.5-moderate;0.33-hot', '1-cold;0.5-moderate;0.33-hot', '1-cold;0.33-moderate;0.16-hot', NULL, '', '', NULL),
(161, NULL, 'hop', 'hop', 'items.hop_name', 'items.hop_description', NULL, 20, 'resources', 'resource', 'craftingpart', NULL, NULL, NULL, NULL, NULL, NULL, NULL, NULL, NULL, NULL, NULL, NULL, 1000, 1, 1, 1, 1, 0, 1, 0, 1, 1, 1, 1, 0, 100, 1, 0, NULL, NULL, NULL, NULL, NULL, NULL, '', '', NULL),
(162, NULL, 'seed_grape', 'seed_grape', 'items.seed_grape_name', 'items.seed_grape_description', NULL, 1, 'resources', 'resource', 'seed', NULL, NULL, NULL, NULL, NULL, NULL, NULL, NULL, NULL, NULL, NULL, NULL, 0, 1, 1, 1, 1, 0, 1, 0, 1, 1, 1, 1, 0, 100, 1, 0, NULL, '10-grape;2-seed_grape', '0.5-cold;0.75-moderate;0.5-hot', '0.5-cold;1-moderate;0.75-hot', '0.33-cold;0.5-moderate;1-hot', NULL, '', '', NULL),
(163, NULL, 'grape', 'grape', 'items.grape_name', 'items.grape_description', NULL, 20, 'resources', 'resource', 'craftingpart', NULL, NULL, NULL, NULL, NULL, NULL, NULL, NULL, NULL, NULL, NULL, NULL, 1000, 1, 1, 1, 1, 0, 1, 0, 1, 1, 1, 1, 0, 100, 1, 0, NULL, '1', NULL, NULL, NULL, NULL, '', '', NULL),
(164, NULL, 'distiller', 'distiller', 'items.distiller_name', 'items.distiller_description', NULL, 100, 'structuretool', 'structuretool', 'resource', NULL, NULL, NULL, NULL, NULL, NULL, NULL, NULL, NULL, NULL, NULL, NULL, 20000, 1, 1, 1, 1, 0, 1, 0, 1, 1, 1, 1, 0, 100, 1, 0, NULL, NULL, '432', NULL, NULL, '1', '1', '2', NULL),
(165, NULL, 'glassbottle', 'glassbottle', 'items.glassbottle_name', 'items.glassbottle_description', NULL, 0, 'resources', 'resource', 'craftingpart', NULL, NULL, NULL, NULL, NULL, NULL, NULL, NULL, NULL, NULL, NULL, NULL, 25, 1, 1, 1, 1, 0, 1, 0, 1, 1, 1, 1, 0, 100, 1, 0, NULL, NULL, '108', NULL, NULL, '14', '14', '', NULL),
(166, NULL, 'waterbottle', 'waterbottle', 'items.waterbottle_name', 'items.waterbottle_description', NULL, 0, 'resources', 'resource', NULL, NULL, NULL, NULL, NULL, NULL, NULL, NULL, NULL, NULL, NULL, NULL, NULL, 25, 1, 1, 1, 1, 0, 1, 0, 1, 1, 1, 1, 0, 100, 0, 0, NULL, NULL, NULL, NULL, NULL, '', '', '', NULL),
(167, NULL, 'mulberrybrandybottle', 'mulberrybrandybottle', 'items.mulberrybrandybottle_name', 'items.mulberrybrandybottle_description', NULL, 20, 'consumables', 'resource', 'alcoholicdrink', NULL, NULL, NULL, NULL, NULL, NULL, NULL, NULL, NULL, NULL, NULL, NULL, 50, 1, 1, 1, 1, 0, 1, 0, 1, 1, 1, 1, 0, 100, 1, 0, NULL, '33', '432', '15', '0', '4', '4', '', NULL),
(168, NULL, 'grapepress', 'grapepress', 'items.grapepress_name', 'items.grapepress_description', NULL, 0, 'structuretool', 'structuretool', 'resource', NULL, NULL, NULL, NULL, NULL, NULL, NULL, NULL, NULL, 'right_hand', NULL, NULL, 80000, 1, 1, 1, 1, 0, 1, 0, 1, 1, 1, 1, 0, 100, 1, 0, NULL, NULL, '432', NULL, NULL, '1', '1', '2', NULL),
(169, NULL, 'malt', 'malt', 'items.malt_name', 'items.malt_description', NULL, 0, 'resources', 'resource', 'craftingpart', NULL, NULL, NULL, NULL, NULL, NULL, NULL, NULL, NULL, NULL, NULL, NULL, 1500, 1, 1, 1, 1, 0, 1, 0, 1, 1, 1, 1, 0, 100, 1, 0, NULL, NULL, '135', NULL, NULL, '10', '10', '', NULL),
(170, NULL, 'beerbottle', 'beerbottle', 'items.beerbottle_name', 'items.beerbottle_description', NULL, 0, 'consumables', 'resource', 'alcoholicdrink', NULL, NULL, NULL, NULL, NULL, NULL, NULL, NULL, NULL, NULL, NULL, NULL, 1500, 1, 1, 1, 1, 0, 1, 0, 1, 1, 1, 1, 0, 100, 1, 0, NULL, '5', '108', '2', '0', '10', '10', '', NULL),
(171, NULL, 'meadbottle', 'meadbottle', 'items.meadbottle_name', 'items.meadbottle_description', NULL, 0, 'consumables', 'resource', 'alcoholicdrink', NULL, NULL, NULL, NULL, NULL, NULL, NULL, NULL, NULL, NULL, NULL, NULL, 1500, 1, 1, 1, 1, 0, 1, 0, 1, 1, 1, 1, 0, 100, 1, 0, NULL, '11', '216', '5', '0', '5', '5', '', NULL),
(172, NULL, 'winebottle', 'winebottle', 'items.winebottle_name', 'items.winebottle_description', NULL, 0, 'consumables', 'resource', 'alcoholicdrink', NULL, NULL, NULL, NULL, NULL, NULL, NULL, NULL, NULL, NULL, NULL, NULL, 1500, 1, 1, 1, 1, 0, 1, 0, 1, 1, 1, 1, 0, 100, 1, 0, NULL, '16', '351', '7', '0', '10', '10', '', NULL),
(173, 6, 'tunic_church_level_1_kiev', 'tunic_church_level_1_kiev', 'items.tunic_church_level_1_kiev_name', 'items.tunic_church_level_1_kiev_description', NULL, 200, 'clothes', 'dress', NULL, NULL, NULL, NULL, NULL, NULL, NULL, NULL, NULL, NULL, 'body', NULL, NULL, 3500, 1, 1, 1, 1, 0, 1, 0, 1, 1, 1, 1, 0, 100, 1, 6, 'church_level_1', NULL, '486', NULL, NULL, '1', '1', '', NULL),
(174, 6, 'tunic_church_level_2_kiev', 'tunic_church_level_2_kiev', 'items.tunic_church_level_2_kiev_name', 'items.tunic_church_level_2_kiev_description', NULL, 200, 'clothes', 'dress', NULL, NULL, NULL, NULL, NULL, NULL, NULL, NULL, NULL, NULL, 'body', NULL, NULL, 3500, 1, 1, 1, 1, 0, 1, 0, 1, 1, 1, 1, 0, 100, 1, 6, 'church_level_2', NULL, '378', NULL, NULL, '1', '1', '', NULL),
(175, 6, 'tunic_church_level_3_kiev', 'tunic_church_level_3_kiev', 'items.tunic_church_level_3_kiev_name', 'items.tunic_church_level_3_kiev_description', NULL, 200, 'clothes', 'dress', NULL, NULL, NULL, NULL, NULL, NULL, NULL, NULL, NULL, NULL, 'body', NULL, NULL, 3500, 1, 1, 1, 1, 0, 1, 0, 1, 1, 1, 1, 0, 100, 1, 6, 'church_level_3', NULL, '378', NULL, NULL, '1', '1', '', NULL);
INSERT INTO `cfgitems` (`id`, `church_id`, `tag`, `parenttag`, `name`, `description`, `requiredstrength`, `price`, `parentcategory`, `category`, `subcategory`, `mindmg`, `maxdmg`, `bluntperc`, `cutperc`, `reach`, `armorpenetration`, `critical`, `text`, `defense`, `part`, `coverage`, `size`, `weight`, `droppable`, `takeable`, `stealable`, `marketsellable`, `structuresellable`, `canbesent`, `destroyontrash`, `trashable`, `canbedonated`, `taxable`, `confiscable`, `colorable`, `crafting_slot`, `craftingenabled`, `car_modifier`, `linked_role`, `spare1`, `spare2`, `spare3`, `spare4`, `spare5`, `spare6`, `spare7`, `wearfactor`) VALUES
(176, 6, 'tunic_church_level_4_kiev', 'tunic_church_level_4_kiev', 'items.tunic_church_level_4_kiev_name', 'items.tunic_church_level_4_kiev_description', NULL, 200, 'clothes', 'dress', NULL, NULL, NULL, NULL, NULL, NULL, NULL, NULL, NULL, NULL, 'body', NULL, NULL, 3500, 1, 1, 1, 1, 0, 1, 0, 1, 1, 1, 1, 0, 100, 1, 6, 'church_level_4', NULL, '324', NULL, NULL, '1', '1', '', NULL),
(177, 6, 'hat_kiev', 'hat_kiev', 'items.hat_kiev_name', 'items.hat_kiev_description', NULL, 50, 'clothes', 'dress', NULL, NULL, NULL, NULL, NULL, NULL, NULL, NULL, NULL, NULL, 'head', NULL, NULL, 1000, 1, 1, 1, 1, 0, 1, 0, 1, 1, 1, 1, 0, 100, 1, 3, 'ALL', NULL, '216', NULL, NULL, '1', '1', '', NULL),
(179, 6, 'scepter_kiev', 'scepter_kiev', 'items.scepter_kiev_name', 'items.scepter_kiev_description', NULL, 80, 'clothes', 'tool', 'tool', 0, 0, 0, 0, 0, 0, NULL, NULL, NULL, 'right_hand', NULL, 'L', 1500, 1, 1, 1, 1, 0, 1, 0, 1, 1, 1, 1, 0, 100, 1, 1, 'ALL', NULL, '162', NULL, NULL, '1', '1', '', 1),
(180, NULL, 'ringdiamond', 'ringdiamond', 'items.ringdiamond_name', 'items.ringdiamond_description', NULL, 0, 'clothes', 'jewel', NULL, NULL, NULL, NULL, NULL, NULL, NULL, NULL, NULL, NULL, 'ring', NULL, NULL, 5, 1, 1, 0, 1, 0, 1, 0, 1, 1, 1, 1, 0, 100, 0, 3, NULL, NULL, '150', NULL, NULL, '1', '1', '', NULL),
(181, NULL, 'hosef_1', 'hosef_1', 'items.hosef_1_name', 'items.hosef_1_description', NULL, 15, 'clothes', 'dress', 'F', NULL, NULL, NULL, NULL, NULL, NULL, NULL, NULL, 0.00, 'legs', NULL, NULL, 200, 1, 1, 1, 1, 0, 1, 0, 1, 1, 1, 1, 1, 100, 1, 3, NULL, NULL, '216', NULL, NULL, '1', '1', '', NULL),
(182, NULL, 'hosef_2', 'hosef_2', 'items.hosef_2_name', 'items.hosef_2_description', NULL, 15, 'clothes', 'dress', 'F', NULL, NULL, NULL, NULL, NULL, NULL, NULL, NULL, NULL, 'legs', NULL, NULL, 150, 1, 1, 1, 1, 0, 1, 0, 1, 1, 1, 1, 1, 100, 1, 3, NULL, NULL, '216', NULL, NULL, '1', '1', '', NULL),
(183, NULL, 'shirtf_1', 'shirtf_1', 'items.shirtf_1_name', 'items.shirtf_1_description', NULL, 15, 'clothes', 'dress', 'F', NULL, NULL, NULL, NULL, NULL, NULL, NULL, NULL, 0.00, 'torso', NULL, NULL, 100, 1, 1, 1, 1, 0, 1, 0, 1, 1, 1, 1, 1, 100, 1, 2, NULL, NULL, '270', NULL, NULL, '1', '1', '', NULL),
(184, NULL, 'shirtf_2', 'shirtf_2', 'items.shirtf_2_name', 'items.shirtf_2_description', NULL, 15, 'clothes', 'dress', 'F', NULL, NULL, NULL, NULL, NULL, NULL, NULL, NULL, 0.00, 'torso', NULL, NULL, 80, 1, 1, 1, 1, 0, 1, 0, 1, 1, 1, 1, 1, 100, 1, 3, NULL, NULL, '324', NULL, NULL, '1', '1', '', NULL),
(185, NULL, 'thepunisher', 'thepunisher', 'items.thepunisher_name', 'items.thepunisher_description', 20, 0, 'weapons', 'weapon', 'weapon', 7, 17, 20, 80, 4, 80, '19x3', 'global.slashes', NULL, 'right_hand', NULL, 'M', 1814, 1, 1, 0, 1, 0, 1, 0, 1, 1, 1, 1, 0, 100, 0, 0, NULL, NULL, '0', NULL, NULL, NULL, NULL, NULL, 512),
(186, NULL, 'punisher_armor_helmet', 'punisher_armor_helmet', 'items.punisher_armor_helmet_name', 'items.punisher_armor_helmet_description', 20, 0, 'armors', 'armor', 'armor', NULL, NULL, NULL, NULL, NULL, NULL, NULL, NULL, 12.00, 'head', 'head', NULL, 1800, 1, 1, 0, 1, 0, 1, 0, 1, 1, 1, 1, 0, 100, 0, 0, NULL, NULL, '0', NULL, NULL, NULL, NULL, NULL, 512),
(187, NULL, 'punisher_armor_body', 'punisher_armor_body', 'items.punisher_armor_body_name', 'items.punisher_armor_body_description', 20, 0, 'armors', 'armor', 'armor', NULL, NULL, NULL, NULL, NULL, NULL, NULL, NULL, 12.00, 'torso', 'torso|left_hand|right_hand', NULL, 10800, 1, 1, 0, 1, 0, 1, 0, 1, 1, 1, 1, 0, 100, 0, 0, NULL, NULL, '0', NULL, NULL, NULL, NULL, NULL, 512),
(188, NULL, 'punisher_armor_legs', 'punisher_armor_legs', 'items.punisher_armor_legs_name', 'items.punisher_armor_legs_description', 20, 0, 'armors', 'armor', 'armor', NULL, NULL, NULL, NULL, NULL, NULL, NULL, NULL, 12.00, 'legs', 'legs', NULL, 3600, 1, 1, 0, 1, 0, 1, 0, 1, 1, 1, 1, 0, 100, 0, 0, NULL, NULL, '0', NULL, NULL, NULL, NULL, NULL, 512),
(189, NULL, 'punisher_armor_feet', 'punisher_armor_feet', 'items.punisher_armor_feet_name', 'items.punisher_armor_feet_description', 20, 0, 'armors', 'armor', 'armor', NULL, NULL, NULL, NULL, NULL, NULL, NULL, NULL, 12.00, 'feet', 'feet', NULL, 1800, 1, 1, 0, 1, 0, 1, 0, 1, 1, 1, 1, 0, 100, 0, 0, NULL, NULL, '0', NULL, NULL, NULL, NULL, NULL, 512),
(190, NULL, 'punisher_armor_shield', 'punisher_armor_shield', 'items.punisher_armor_shield_name', 'items.punisher_armor_shield_description', 20, 0, 'armors', 'armor', 'shield', NULL, NULL, NULL, NULL, NULL, NULL, NULL, NULL, 12.00, 'left_hand', 'left_hand', NULL, 6000, 1, 1, 0, 1, 0, 1, 0, 1, 1, 1, 1, 0, 100, 0, 0, NULL, NULL, '0', NULL, NULL, NULL, NULL, NULL, 512),
(191, NULL, 'coffin', 'coffin', 'items.coffin_name', 'items.coffin_description', NULL, 0, 'tools', 'resource', NULL, NULL, NULL, NULL, NULL, NULL, NULL, NULL, NULL, NULL, 'right_hand', NULL, NULL, 100000, 1, 1, 0, 1, 0, 1, 0, 1, 1, 1, 1, 0, 100, 0, 0, NULL, '0', '0', NULL, '0', '0', '0', '0', NULL),
(192, NULL, 'elixirofstrength', 'elixirofstrength', 'items.elixirofstrength_name', 'items.elixirofstrength_description', NULL, 0, 'consumables', 'potion', 'healing', NULL, NULL, NULL, NULL, NULL, NULL, NULL, NULL, NULL, NULL, NULL, NULL, 50, 1, 1, 1, 1, 0, 1, 0, 1, 1, 1, 1, 0, 100, 1, 0, NULL, '10', '480', NULL, '0', '1', '1', '0', NULL),
(193, NULL, 'elixirofhealth', 'elixirofhealth', 'items.elixirofhealth_name', 'items.elixirofhealth_description', NULL, 0, 'consumables', 'potion', 'healing', NULL, NULL, NULL, NULL, NULL, NULL, NULL, NULL, NULL, NULL, NULL, NULL, 50, 1, 1, 1, 1, 0, 1, 0, 1, 1, 1, 1, 0, 100, 1, 0, NULL, '10', '480', '100', '0', '1', '1', '0', NULL),
(194, NULL, 'elixirofdexterity', 'elixirofdexterity', 'items.elixirofdexterity_name', 'items.elixirofdexterity_description', NULL, 0, 'consumables', 'potion', 'healing', NULL, NULL, NULL, NULL, NULL, NULL, NULL, NULL, NULL, NULL, NULL, NULL, 50, 1, 1, 1, 1, 0, 1, 0, 1, 1, 1, 1, 0, 100, 1, 0, NULL, '10', '480', NULL, '0', '1', '1', '0', NULL),
(195, NULL, 'elixirofintelligence', 'elixirofintelligence', 'items.elixirofintelligence_name', 'items.elixirofintelligence_description', NULL, 0, 'consumables', 'potion', 'healing', NULL, NULL, NULL, NULL, NULL, NULL, NULL, NULL, NULL, NULL, NULL, NULL, 50, 1, 1, 1, 1, 0, 1, 0, 1, 1, 1, 1, 0, 100, 1, 0, NULL, '10', '480', NULL, '0', '1', '1', '0', NULL),
(196, NULL, 'elixirofconstitution', 'elixirofconstitution', 'items.elixirofconstitution_name', 'items.elixirofconstitution_description', NULL, 0, 'consumables', 'potion', 'healing', NULL, NULL, NULL, NULL, NULL, NULL, NULL, NULL, NULL, NULL, NULL, NULL, 50, 1, 1, 1, 1, 0, 1, 0, 1, 1, 1, 1, 0, 100, 1, 0, NULL, '10', '480', NULL, '0', '1', '1', '0', NULL),
(197, NULL, 'elixirofstamina', 'elixirofstamina', 'items.elixirofstamina_name', 'items.elixirofstamina_description', NULL, 0, 'consumables', 'potion', 'healing', NULL, NULL, NULL, NULL, NULL, NULL, NULL, NULL, NULL, NULL, NULL, NULL, 50, 1, 1, 1, 1, 0, 1, 0, 1, 1, 1, 1, 0, 100, 1, 0, NULL, '10', '480', NULL, '0', '1', '1', '0', NULL),
(199, NULL, 'dumpscavengertrophy', 'dumpscavengertrophy', 'items.dumpscavengertrophy_name', 'items.dumpscavengertrophy_description', NULL, 0, 'others', 'specialitem', 'specialitem', NULL, NULL, NULL, NULL, NULL, NULL, NULL, NULL, NULL, NULL, NULL, NULL, 1000, 1, 1, 1, 1, 0, 1, 0, 0, 1, 1, 1, 0, 100, 0, 0, NULL, NULL, NULL, NULL, NULL, NULL, NULL, NULL, NULL),
(200, NULL, 'inkbulb', 'inkbulb', 'items.inkbulb_name', 'items.inkbulb_description', NULL, 0, 'tools', 'resource', 'craftingpart', NULL, NULL, NULL, NULL, NULL, NULL, NULL, NULL, NULL, 'right_hand', NULL, NULL, 50, 1, 1, 1, 1, 0, 1, 0, 1, 1, 1, 1, 0, 100, 1, 0, NULL, NULL, '120', NULL, NULL, '4', '4', NULL, NULL),
(201, NULL, 'holybook', 'holybook', 'items.holybook_name', 'items.holybook_description', NULL, 0, 'tools', 'tool', 'tool', NULL, NULL, NULL, NULL, NULL, NULL, NULL, NULL, NULL, 'right_hand', NULL, NULL, 500, 1, 1, 1, 1, 0, 1, 0, 1, 1, 1, 1, 0, 100, 1, 0, NULL, NULL, '432', NULL, NULL, '1', '1', NULL, NULL),
(202, 5, 'mysticrod_cairo', 'mysticrod_cairo', 'items.mysticrod_cairo_name', 'items.mysticrod_cairo_description', NULL, 80, 'clothes', 'tool', 'tool', 2, 1, 100, 0, 5, 1, '', 'global.pierces', NULL, 'right_hand', NULL, 'L', 1500, 1, 1, 1, 1, 0, 1, 0, 1, 1, 1, 1, 0, 100, 1, 1, 'ALL', NULL, '162', NULL, NULL, '1', '1', '', 1),
(203, 6, 'relic_kiev', 'relic', 'items.relic_kiev_name', 'items.relic_kiev_description', NULL, 0, 'others', 'specialitem', 'specialitem', 0, 0, 0, 0, 0, 0, 'NULL', 'NULL', 0.00, 'NULL', 'NULL', 'N', 10000, 0, 0, 1, 0, 0, 0, 0, 0, 0, 0, 0, 0, 100, 0, 0, 'NULL', 'NULL', 'NULL', 'NULL', 'NULL', 'NULL', 'NULL', 'NULL', 0),
(204, 1, 'relic_rome', 'relic', 'items.relic_rome_name', 'items.relic_rome_description', NULL, 0, 'others', 'specialitem', 'specialitem', 0, 0, 0, 0, 0, 0, 'NULL', 'NULL', 0.00, 'NULL', 'NULL', 'N', 10000, 0, 0, 1, 0, 0, 0, 0, 0, 0, 0, 0, 0, 100, 0, 0, 'NULL', 'NULL', 'NULL', 'NULL', 'NULL', 'NULL', 'NULL', 'NULL', 0),
(205, 3, 'relic_turnu', 'relic', 'items.relic_turnu_name', 'items.relic_turnu_description', NULL, 0, 'others', 'specialitem', 'specialitem', 0, 0, 0, 0, 0, 0, 'NULL', 'NULL', 0.00, 'NULL', 'NULL', 'N', 10000, 0, 0, 1, 0, 0, 0, 0, 0, 0, 0, 0, 0, 100, 0, 0, 'NULL', 'NULL', 'NULL', 'NULL', 'NULL', 'NULL', 'NULL', 'NULL', 0),
(206, NULL, 'surgicalinstruments', 'surgicalinstruments', 'items.surgicalinstruments_name', 'items.surgicalinstruments_description', NULL, 0, 'resources', 'resource', 'craftingpart', NULL, NULL, NULL, NULL, NULL, NULL, NULL, NULL, NULL, NULL, NULL, NULL, 400, 1, 1, 1, 1, 0, 1, 0, 1, 1, 1, 1, 0, 100, 1, 0, NULL, NULL, '216', NULL, NULL, '5', '5', NULL, NULL),
(207, NULL, 'surgicalkit', 'surgicalkit', 'items.surgicalkit_name', 'items.surgicalkit_description', NULL, 0, 'consumables', 'resource', 'resource', NULL, NULL, NULL, NULL, NULL, NULL, NULL, NULL, NULL, NULL, NULL, NULL, 1000, 1, 1, 1, 1, 0, 1, 0, 1, 1, 1, 1, 0, 100, 1, 0, NULL, NULL, '54', NULL, NULL, '5', '5', NULL, NULL),
(208, NULL, 'mandragora_brew', 'mandragora_brew', 'items.mandragora_brew_name', 'items.mandragora_brew_description', NULL, 0, 'consumables', 'resource', 'resource', NULL, NULL, NULL, NULL, NULL, NULL, NULL, NULL, NULL, NULL, NULL, NULL, 200, 1, 1, 1, 1, 0, 1, 0, 1, 1, 1, 1, 0, 100, 1, 0, NULL, 'flu', '270', NULL, NULL, '7', '7', NULL, NULL),
(209, 5, 'relic_cairo', 'relic', 'items.relic_cairo_name', 'items.relic_cairo_description', NULL, 0, 'others', 'specialitem', 'specialitem', 0, 0, 0, 0, 0, 0, 'NULL', 'NULL', 0.00, 'NULL', 'NULL', 'N', 10000, 0, 0, 1, 0, 0, 0, 0, 0, 0, 0, 0, 0, 100, 0, 0, 'NULL', 'NULL', 'NULL', 'NULL', 'NULL', 'NULL', 'NULL', 'NULL', 0),
(210, NULL, 'oven', 'oven', 'items.oven_name', 'items.oven_description', NULL, 0, 'structuretool', 'structuretool', 'craftingpart', NULL, NULL, NULL, NULL, NULL, NULL, NULL, NULL, NULL, NULL, NULL, NULL, 500, 1, 1, 1, 1, 0, 1, 0, 1, 1, 1, 1, 0, 100, 0, 0, NULL, '1', '600', NULL, NULL, '15', '15', NULL, NULL),
(212, NULL, 'saw', 'saw', 'items.saw_name', 'items.saw_description', NULL, 0, 'tools', 'resource', 'craftingpart', NULL, NULL, NULL, NULL, NULL, NULL, NULL, NULL, NULL, 'right_hand', NULL, NULL, 500, 1, 1, 1, 1, 0, 1, 0, 1, 1, 1, 1, 0, 100, 1, 0, NULL, '8', '270', NULL, NULL, '2', '2', NULL, NULL),
(213, NULL, 'scissor', 'scissor', 'items.scissor_name', 'items.scissor_description', NULL, 0, 'tools', 'resource', 'craftingpart', NULL, NULL, NULL, NULL, NULL, NULL, NULL, NULL, NULL, 'right_hand', NULL, NULL, 100, 1, 1, 1, 1, 0, 1, 0, 1, 1, 1, 1, 0, 100, 1, 0, NULL, '10', '216', NULL, NULL, '2', '2', NULL, NULL),
(214, NULL, 'anvil', 'anvil', 'items.anvil_name', 'items.anvil_description', NULL, 0, 'structuretool', 'structuretool', 'craftingpart', NULL, NULL, NULL, NULL, NULL, NULL, NULL, NULL, NULL, NULL, NULL, NULL, 500, 1, 1, 1, 1, 0, 1, 0, 1, 1, 1, 1, 0, 100, 0, 0, NULL, '1', '600', NULL, NULL, '15', '15', NULL, NULL),
(216, NULL, 'potter_wheel', 'potter_wheel', 'items.potter_wheel_name', 'items.potter_wheel_description', NULL, 0, 'structuretool', 'structuretool', 'craftingpart', NULL, NULL, NULL, NULL, NULL, NULL, NULL, NULL, NULL, NULL, NULL, NULL, 500, 1, 1, 1, 1, 0, 1, 0, 1, 1, 1, 1, 0, 100, 0, 0, NULL, '1', '600', NULL, NULL, '15', '15', NULL, NULL),
(217, NULL, 'cookingpot', 'cookingpot', 'items.cookingpot_name', 'items.cookingpot_description', NULL, 0, 'tools', 'resource', 'craftingpart', NULL, NULL, NULL, NULL, NULL, NULL, NULL, NULL, NULL, 'right_hand', NULL, NULL, 2000, 1, 1, 1, 1, 0, 1, 0, 1, 1, 1, 1, 0, 100, 1, 0, NULL, '1', '162', NULL, NULL, '1', '1', NULL, NULL),
(218, NULL, 'pottertools', 'pottertools', 'items.pottertools_name', 'items.pottertools_description', NULL, 0, 'tools', 'resource', 'craftingpart', NULL, NULL, NULL, NULL, NULL, NULL, NULL, NULL, NULL, 'right_hand', NULL, NULL, 100, 1, 1, 1, 1, 0, 1, 0, 1, 1, 1, 1, 0, 100, 1, 0, NULL, '1', '378', NULL, NULL, '3', '3', NULL, NULL),
(219, NULL, 'mortarpestle', 'mortarpestle', 'items.mortarpestle_name', 'items.mortarpestle_description', NULL, 0, 'tools', 'resource', 'craftingpart', NULL, NULL, NULL, NULL, NULL, NULL, NULL, NULL, NULL, 'right_hand', NULL, NULL, 100, 1, 1, 1, 1, 0, 1, 0, 1, 1, 1, 1, 0, 100, 1, 0, NULL, '1', '270', NULL, NULL, '2', '2', NULL, NULL),
(220, NULL, 'sickle', 'sickle', 'items.sickle_name', 'items.sickle_description', NULL, 20, 'tools', 'tool', 'tool', NULL, NULL, NULL, NULL, NULL, NULL, NULL, NULL, NULL, 'right_hand', NULL, NULL, 2000, 1, 1, 1, 1, 0, 1, 0, 1, 1, 1, 1, 0, 100, 1, 0, NULL, NULL, '300', NULL, NULL, '1', '1', '', 1),
(221, NULL, 'elixirofcuredisease', 'elixirofcuredisease', 'items.elixirofcuredisease_name', 'items.elixirofcuredisease_description', NULL, 0, 'consumables', 'potion', 'healing', NULL, NULL, NULL, NULL, NULL, NULL, NULL, NULL, NULL, NULL, NULL, NULL, 50, 1, 1, 1, 1, 0, 1, 0, 1, 1, 1, 1, 0, 100, 1, 0, NULL, '10', '480', NULL, '0', '1', '1', '0', NULL),
(222, NULL, 'rattail', 'rattail', 'items.rattail_name', 'items.rattail_description', NULL, 20, 'resources', 'resource', 'craftingpart', NULL, NULL, NULL, NULL, NULL, NULL, NULL, NULL, NULL, NULL, NULL, NULL, 0, 1, 1, 1, 1, 0, 1, 0, 1, 1, 1, 1, 0, 100, 1, 0, NULL, NULL, NULL, NULL, NULL, NULL, NULL, '', NULL),
(223, 7, 'relic_norse', 'relic', 'items.relic_norse_name', 'items.relic_norse_description', NULL, 0, 'others', 'specialitem', 'specialitem', 0, 0, 0, 0, 0, 0, 'NULL', 'NULL', 0.00, 'NULL', 'NULL', 'N', 10000, 0, 0, 1, 0, 0, 0, 0, 0, 0, 0, 0, 0, 100, 0, 0, 'NULL', 'NULL', 'NULL', 'NULL', 'NULL', 'NULL', 'NULL', 'NULL', 0),
(224, 7, 'tunic_church_level_4_norse', 'tunic_church_level_4_norse', 'items.tunic_church_level_4_norse_name', 'items.tunic_church_level_4_norse_description', NULL, 200, 'clothes', 'dress', NULL, NULL, NULL, NULL, NULL, NULL, NULL, NULL, NULL, NULL, 'body', NULL, NULL, 3500, 1, 1, 1, 1, 0, 1, 0, 1, 1, 1, 1, 0, 100, 1, 6, 'church_level_4', NULL, '324', NULL, NULL, '1', '1', 'NULL', NULL),
(225, 7, 'tunic_church_level_3_norse', 'tunic_church_level_3_norse', 'items.tunic_church_level_3_norse_name', 'items.tunic_church_level_3_norse_description', NULL, 200, 'clothes', 'dress', NULL, NULL, NULL, NULL, NULL, NULL, NULL, NULL, NULL, NULL, 'body', NULL, NULL, 3500, 1, 1, 1, 1, 0, 1, 0, 1, 1, 1, 1, 0, 100, 1, 6, 'church_level_3', NULL, '378', NULL, NULL, '1', '1', 'NULL', NULL),
(226, 7, 'tunic_church_level_2_norse', 'tunic_church_level_2_norse', 'items.tunic_church_level_2_norse_name', 'items.tunic_church_level_2_norse_description', NULL, 200, 'clothes', 'dress', NULL, NULL, NULL, NULL, NULL, NULL, NULL, NULL, NULL, NULL, 'body', NULL, NULL, 3500, 1, 1, 1, 1, 0, 1, 0, 1, 1, 1, 1, 0, 100, 1, 6, 'church_level_2', NULL, '378', NULL, NULL, '1', '1', 'NULL', NULL),
(227, 7, 'tunic_church_level_1_norse', 'tunic_church_level_1_norse', 'items.tunic_church_level_1_norse_name', 'items.tunic_church_level_1_norse_description', NULL, 200, 'clothes', 'dress', NULL, NULL, NULL, NULL, NULL, NULL, NULL, NULL, NULL, NULL, 'body', NULL, NULL, 3500, 1, 1, 1, 1, 0, 1, 0, 1, 1, 1, 1, 0, 100, 1, 6, 'church_level_1', NULL, '486', NULL, NULL, '1', '1', 'NULL', NULL),
(228, 7, 'hat_norse', 'hat_norse', 'items.hat_norse_name', 'items.hat_norse_description', NULL, 50, 'clothes', 'dress', NULL, NULL, NULL, NULL, NULL, NULL, NULL, NULL, NULL, NULL, 'head', NULL, NULL, 1000, 1, 1, 1, 1, 0, 1, 0, 1, 1, 1, 1, 0, 100, 1, 3, 'ALL', NULL, '216', NULL, NULL, '1', '1', 'NULL', NULL),
(229, 7, 'scepter_norse', 'scepter_norse', 'items.scepter_norse_name', 'items.scepter_norse_description', NULL, 80, 'clothes', 'tool', 'tool', 0, 0, 0, 0, 0, 0, NULL, NULL, NULL, 'right_hand', NULL, 'L', 1500, 1, 1, 1, 1, 0, 1, 0, 1, 1, 1, 1, 0, 100, 1, 3, 'ALL', NULL, '162', NULL, NULL, '1', '1', 'NULL', 1),
(230, NULL, 'blackset_armor_head', 'blackset_armor_head', 'items.blackset_armor_head_name', 'items.blackset_armor_head_description', 18, 0, 'armors', 'armor', 'armor', NULL, NULL, NULL, NULL, NULL, NULL, NULL, NULL, 8.00, 'head', 'head', NULL, 1900, 1, 1, 0, 1, 0, 1, 0, 1, 1, 1, 1, 0, 100, 0, 0, NULL, NULL, '0', NULL, NULL, NULL, NULL, NULL, 32),
(231, NULL, 'blackset_armor_body', 'blackset_armor_body', 'items.blackset_armor_body_name', 'items.blackset_armor_body_description', 18, 0, 'armors', 'armor', 'armor', NULL, NULL, NULL, NULL, NULL, NULL, NULL, NULL, 8.00, 'torso', 'torso|left_hand|right_hand', NULL, 11100, 1, 1, 0, 1, 0, 1, 0, 1, 1, 1, 1, 0, 100, 0, 0, NULL, NULL, '0', NULL, NULL, NULL, NULL, NULL, 32),
(232, NULL, 'blackset_armor_legs', 'blackset_armor_legs', 'items.blackset_armor_legs_name', 'items.blackset_armor_legs_description', 18, 0, 'armors', 'armor', 'armor', NULL, NULL, NULL, NULL, NULL, NULL, NULL, NULL, 8.00, 'legs', 'legs', NULL, 3800, 1, 1, 0, 1, 0, 1, 0, 1, 1, 1, 1, 0, 100, 0, 0, NULL, NULL, '0', NULL, NULL, NULL, NULL, NULL, 32),
(233, NULL, 'blackset_armor_feet', 'blackset_armor_feet', 'items.blackset_armor_feet_name', 'items.blackset_armor_feet_description', 18, 0, 'armors', 'armor', 'armor', NULL, NULL, NULL, NULL, NULL, NULL, NULL, NULL, 8.00, 'feet', 'feet', NULL, 1900, 1, 1, 0, 1, 0, 1, 0, 1, 1, 1, 1, 0, 100, 0, 0, NULL, NULL, '0', NULL, NULL, NULL, NULL, NULL, 32),
(234, NULL, 'blackset_armor_shield', 'blackset_armor_shield', 'items.blackset_armor_shield_name', 'items.blackset_armor_shield_description', 18, 0, 'armors', 'armor', 'shield', NULL, NULL, NULL, NULL, NULL, NULL, NULL, NULL, 8.00, 'left_hand', 'left_hand', NULL, 2300, 1, 1, 0, 1, 0, 1, 0, 1, 1, 1, 1, 0, 100, 0, 0, NULL, NULL, '0', NULL, NULL, NULL, NULL, NULL, 32),
(235, NULL, 'blacksword', 'blacksword', 'items.blacksword_name', 'items.blacksword_description', 18, 0, 'weapons', 'weapon', 'weapon', 7, 14, 20, 80, 4, 80, '19x3', 'global.slashes', NULL, 'right_hand', NULL, 'M', 1200, 1, 1, 0, 1, 0, 1, 0, 1, 1, 1, 1, 0, 100, 0, 0, NULL, NULL, '0', NULL, NULL, NULL, NULL, NULL, 32),
(236, NULL, 'frenchchevalierset_armor_head', 'frenchchevalierset_armor_head', 'items.frenchchevalierset_armor_head_name', 'items.frenchchevalierset_armor_head_description', 19, 0, 'armors', 'armor', 'armor', NULL, NULL, NULL, NULL, NULL, NULL, NULL, NULL, 10.00, 'head', 'head', NULL, 1320, 1, 1, 0, 1, 0, 1, 0, 1, 1, 1, 1, 0, 100, 0, 0, NULL, NULL, '0', NULL, NULL, NULL, NULL, NULL, 64),
(237, NULL, 'frenchchevalierset_armor_body', 'frenchchevalierset_armor_body', 'items.frenchchevalierset_armor_body_name', 'items.frenchchevalierset_armor_body_description', 19, 0, 'armors', 'armor', 'armor', NULL, NULL, NULL, NULL, NULL, NULL, NULL, NULL, 10.00, 'torso', 'torso|left_hand|right_hand', NULL, 7800, 1, 1, 0, 1, 0, 1, 0, 1, 1, 1, 1, 0, 100, 0, 0, NULL, NULL, '0', NULL, NULL, NULL, NULL, NULL, 64),
(238, NULL, 'frenchchevalierset_armor_legs', 'frenchchevalierset_armor_legs', 'items.frenchchevalierset_armor_legs_name', 'items.frenchchevalierset_armor_legs_description', 19, 0, 'armors', 'armor', 'armor', NULL, NULL, NULL, NULL, NULL, NULL, NULL, NULL, 10.00, 'legs', 'legs', NULL, 2700, 1, 1, 0, 1, 0, 1, 0, 1, 1, 1, 1, 0, 100, 0, 0, NULL, NULL, '0', NULL, NULL, NULL, NULL, NULL, 64),
(239, NULL, 'frenchchevalierset_armor_feet', 'frenchchevalierset_armor_feet', 'items.frenchchevalierset_armor_feet_name', 'items.frenchchevalierset_armor_feet_description', 19, 0, 'armors', 'armor', 'armor', NULL, NULL, NULL, NULL, NULL, NULL, NULL, NULL, 10.00, 'feet', 'feet', NULL, 1320, 1, 1, 0, 1, 0, 1, 0, 1, 1, 1, 1, 0, 100, 0, 0, NULL, NULL, '0', NULL, NULL, NULL, NULL, NULL, 64),
(240, NULL, 'frenchchevalierset_armor_shield', 'frenchchevalierset_armor_shield', 'items.frenchchevalierset_armor_shield_name', 'items.frenchchevalierset_armor_shield_description', 19, 0, 'armors', 'armor', 'shield', NULL, NULL, NULL, NULL, NULL, NULL, NULL, NULL, 10.00, 'left_hand', 'left_hand', NULL, 1620, 1, 1, 0, 1, 0, 1, 0, 1, 1, 1, 1, 0, 100, 0, 0, NULL, NULL, '0', NULL, NULL, NULL, NULL, NULL, 64),
(241, NULL, 'durlindana', 'durlindana', 'items.durlindana_name', 'items.durlindana_description', 19, 0, 'weapons', 'weapon', 'weapon', 7, 15, 20, 80, 4, 80, '19x2', 'global.slashes', NULL, 'right_hand', NULL, 'M', 1400, 1, 1, 0, 1, 0, 1, 0, 1, 1, 1, 1, 0, 100, 0, 0, NULL, NULL, '0', NULL, NULL, NULL, NULL, NULL, 64),
(242, NULL, 'mountainset_armor_head', 'mountainset_armor_head', 'items.mountainset_armor_head_name', 'items.mountainset_armor_head_description', 20, 0, 'armors', 'armor', 'armor', NULL, NULL, NULL, NULL, NULL, NULL, NULL, NULL, 11.00, 'head', 'head', NULL, 2500, 1, 1, 0, 1, 0, 1, 0, 1, 1, 1, 1, 0, 100, 0, 0, NULL, NULL, '0', NULL, NULL, NULL, NULL, NULL, 128),
(243, NULL, 'mountainset_armor_body', 'mountainset_armor_body', 'items.mountainset_armor_body_name', 'items.mountainset_armor_body_description', 20, 0, 'armors', 'armor', 'armor', NULL, NULL, NULL, NULL, NULL, NULL, NULL, NULL, 11.00, 'torso', 'torso|left_hand|right_hand', NULL, 15000, 1, 1, 0, 1, 0, 1, 0, 1, 1, 1, 1, 0, 100, 0, 0, NULL, NULL, '0', NULL, NULL, NULL, NULL, NULL, 128),
(244, NULL, 'mountainset_armor_legs', 'mountainset_armor_legs', 'items.mountainset_armor_legs_name', 'items.mountainset_armor_legs_description', 20, 0, 'armors', 'armor', 'armor', NULL, NULL, NULL, NULL, NULL, NULL, NULL, NULL, 11.00, 'legs', 'legs', NULL, 5200, 1, 1, 0, 1, 0, 1, 0, 1, 1, 1, 1, 0, 100, 0, 0, NULL, NULL, '0', NULL, NULL, NULL, NULL, NULL, 128),
(245, NULL, 'mountainset_armor_feet', 'mountainset_armor_feet', 'items.mountainset_armor_feet_name', 'items.mountainset_armor_feet_description', 20, 0, 'armors', 'armor', 'armor', NULL, NULL, NULL, NULL, NULL, NULL, NULL, NULL, 11.00, 'feet', 'feet', NULL, 2500, 1, 1, 0, 1, 0, 1, 0, 1, 1, 1, 1, 0, 100, 0, 0, NULL, NULL, '0', NULL, NULL, NULL, NULL, NULL, 128),
(246, NULL, 'lockjaw', 'lockjaw', 'items.lockjaw_name', 'items.lockjaw_description', 20, 0, 'weapons', 'weapon', 'weapon', 7, 16, 80, 20, 4, 70, '19x2', 'global.slashes', NULL, 'right_hand', NULL, 'L', 3000, 1, 1, 0, 1, 0, 1, 0, 1, 1, 1, 1, 0, 100, 0, 0, NULL, NULL, '0', NULL, NULL, NULL, NULL, NULL, 128),
(247, NULL, 'furnace', 'furnace', 'items.furnace_name', 'items.furnace_description', NULL, 0, 'structuretool', 'structuretool', 'craftingpart', NULL, NULL, NULL, NULL, NULL, NULL, NULL, NULL, NULL, NULL, NULL, NULL, 100000, 1, 1, 0, 1, 0, 0, 0, 0, 1, 1, 1, 0, 100, 1, 0, NULL, '1', '1080', NULL, NULL, '1', '1', NULL, NULL),
(248, NULL, 'secretbox', 'secretbox', 'items.secretbox_name', 'items.secretbox_description', NULL, 0, 'specialitem', 'container', NULL, NULL, NULL, NULL, NULL, NULL, NULL, NULL, NULL, NULL, NULL, NULL, NULL, 200, 1, 1, 0, 1, 0, 0, 0, 1, 1, 1, 1, 0, 100, 0, 0, NULL, '0', '0', NULL, '0', '0', '0', '0', NULL),
(249, NULL, 'easteregg', 'easteregg', 'items.easteregg_name', 'items.easteregg_description', NULL, 0, 'specialitem', 'container', NULL, NULL, NULL, NULL, NULL, NULL, NULL, NULL, NULL, NULL, NULL, NULL, NULL, 100, 0, 0, 0, 0, 0, 0, 0, 0, 0, 0, 0, 0, 100, 0, 0, NULL, '0', '0', NULL, '0', '0', '0', '0', NULL),
(250, NULL, 'chickenfeather', 'chickenfeather', 'items.chickenfeather_name', 'items.chickenfeather_description', NULL, 0, 'resources', 'resource', 'craftingpart', NULL, NULL, NULL, NULL, NULL, NULL, NULL, NULL, NULL, NULL, NULL, NULL, 10, 1, 1, 1, 1, 0, 1, 0, 1, 1, 1, 1, 0, 100, 0, 0, NULL, NULL, NULL, NULL, NULL, NULL, NULL, NULL, NULL),
(251, NULL, 'writingkit', 'writingkit', 'items.writingkit_name', 'items.writingkit_description', NULL, 0, 'tools', 'tool', 'tool', NULL, NULL, NULL, NULL, NULL, NULL, NULL, NULL, NULL, 'right_hand', NULL, NULL, 100, 1, 1, 1, 1, 0, 1, 0, 1, 1, 1, 1, 0, 100, 1, 0, NULL, NULL, '60', NULL, NULL, '1', '1', '', NULL),
(252, NULL, 'woodensword', 'woodensword', 'items.woodensword_name', 'items.woodensword_description', 1, 0, 'weapons', 'weapon', 'weapon', 1, 1, 80, 20, 1, 30, NULL, 'global.cuts', NULL, 'right_hand', NULL, 'S', 500, 1, 1, 1, 1, 0, 1, 0, 1, 1, 1, 1, 0, 100, 1, 0, NULL, NULL, '240', NULL, NULL, '1', '1', '', 1),
(253, NULL, 'leather_armor_head', 'leather_armor', 'items.leather_armor_head_name', 'items.leather_armor_head_description', 7, 0, 'armors', 'armor', 'armor', NULL, NULL, NULL, NULL, NULL, NULL, NULL, NULL, 2.00, 'head', 'head', NULL, 1500, 1, 1, 1, 1, 0, 1, 0, 1, 1, 1, 1, 0, 100, 1, 0, NULL, NULL, '432', NULL, NULL, '1', '1', '', 1),
(254, NULL, 'chainmail_armor_legs', 'chainmail_armor', 'items.chainmail_armor_legs_name', 'items.chainmail_armor_legs_description', 12, 0, 'armors', 'armor', 'armor', NULL, NULL, NULL, NULL, NULL, NULL, NULL, NULL, 4.00, 'legs', 'legs', NULL, 6350, 1, 1, 1, 1, 0, 1, 0, 1, 1, 1, 1, 0, 100, 1, 2, NULL, NULL, '504', NULL, NULL, '1', '1', '', 1),
(255, NULL, 'chainmail_armor_feet', 'chainmail_armor', 'items.chainmail_armor_feet_name', 'items.chainmail_armor_feet_description', 12, 0, 'armors', 'armor', 'armor', NULL, NULL, NULL, NULL, NULL, NULL, NULL, NULL, 4.00, 'feet', 'feet', NULL, 2721, 1, 1, 1, 1, 0, 1, 0, 1, 1, 1, 1, 0, 100, 1, 2, NULL, NULL, '504', NULL, NULL, '1', '1', '', 1);

--
-- Dumping data for table `cfgitem_dependencies`
--

INSERT INTO `cfgitem_dependencies` (`id`, `cfgitem_id`, `type`, `source_cfgitem_id`, `quantity`) VALUES
(2, 9, 'item', 7, 1),
(4, 1, 'item', 7, 3),
(10, 5, 'item', 2, 2),
(11, 5, 'item', 7, 1),
(14, 8, 'item', 18, 8),
(15, 29, 'item', 7, 8),
(16, 30, 'item', 11, 10),
(18, 32, 'item', 11, 7),
(20, 19, 'item', 7, 1),
(21, 33, 'item', 11, 12),
(23, 15, 'item', 7, 2),
(25, 30, 'item', 7, 2),
(26, 42, 'item', 38, 10),
(27, 43, 'item', 21, 10),
(28, 44, 'item', 41, 6),
(29, 44, 'item', 39, 20),
(30, 45, 'item', 41, 10),
(31, 46, 'item', 39, 20),
(32, 47, 'item', 18, 6),
(33, 48, 'item', 41, 10),
(34, 49, 'item', 21, 10),
(35, 51, 'item', 39, 10),
(36, 54, 'item', 18, 3),
(37, 53, 'item', 18, 3),
(38, 52, 'item', 18, 4),
(39, 49, 'item', 38, 6),
(40, 51, 'item', 38, 6),
(41, 57, 'item', 16, 2),
(42, 57, 'item', 5, 1),
(43, 57, 'item', 27, 1),
(44, 57, 'item', 26, 3),
(45, 58, 'item', 38, 10),
(46, 58, 'item', 41, 12),
(47, 58, 'item', 39, 20),
(48, 59, 'item', 38, 12),
(49, 59, 'item', 21, 9),
(50, 59, 'item', 39, 20),
(51, 60, 'item', 38, 12),
(52, 60, 'item', 21, 9),
(53, 60, 'item', 39, 20),
(55, 61, 'item', 38, 15),
(56, 61, 'item', 21, 10),
(57, 61, 'item', 39, 20),
(58, 62, 'item', 38, 3),
(59, 62, 'item', 39, 50),
(62, 65, 'item', 64, 80),
(63, 65, 'item', 7, 3),
(64, 66, 'item', 64, 10),
(65, 66, 'item', 7, 1),
(68, 70, 'item', 16, 2),
(69, 70, 'item', 27, 3),
(70, 70, 'item', 17, 3),
(71, 71, 'item', 7, 1),
(72, 71, 'item', 64, 2),
(73, 72, 'item', 7, 1),
(74, 72, 'item', 64, 2),
(75, 73, 'item', 7, 1),
(76, 73, 'item', 64, 2),
(77, 74, 'item', 7, 3),
(78, 74, 'item', 11, 10),
(79, 75, 'item', 7, 2),
(80, 75, 'item', 11, 15),
(81, 80, 'item', 11, 40),
(82, 76, 'item', 11, 20),
(83, 78, 'item', 38, 12),
(84, 77, 'item', 38, 10),
(85, 79, 'item', 18, 6),
(86, 79, 'item', 11, 3),
(87, 83, 'item', 18, 1),
(88, 83, 'item', 41, 1),
(89, 84, 'item', 7, 5),
(92, 87, 'item', 7, 300),
(93, 87, 'item', 11, 150),
(96, 94, 'item', 7, 2),
(97, 94, 'item', 11, 1),
(98, 102, 'item', 98, 5),
(99, 102, 'item', 101, 2),
(101, 70, 'item', 103, 1),
(103, 105, 'item', 7, 1),
(104, 105, 'item', 18, 1),
(105, 106, 'item', 67, 30),
(106, 106, 'item', 20, 4),
(107, 107, 'item', 7, 1),
(108, 107, 'item', 96, 4),
(109, 108, 'item', 7, 1),
(110, 108, 'item', 96, 4),
(111, 109, 'item', 107, 1),
(112, 109, 'item', 17, 1),
(113, 109, 'item', 5, 1),
(114, 109, 'item', 95, 1),
(115, 110, 'item', 107, 1),
(116, 110, 'item', 99, 1),
(117, 110, 'item', 5, 1),
(118, 110, 'item', 95, 1),
(119, 111, 'item', 107, 1),
(120, 111, 'item', 2, 1),
(121, 111, 'item', 55, 10),
(122, 111, 'item', 97, 1),
(123, 112, 'item', 7, 1),
(124, 112, 'item', 16, 10),
(125, 112, 'item', 107, 1),
(126, 57, 'item', 103, 1),
(127, 103, 'item', 93, 2),
(128, 103, 'item', 92, 1),
(129, 30, 'item', 92, 1),
(130, 75, 'item', 92, 2),
(131, 32, 'item', 92, 1),
(132, 33, 'item', 92, 1),
(133, 74, 'item', 92, 1),
(134, 76, 'item', 92, 2),
(135, 80, 'item', 92, 4),
(136, 113, 'item', 92, 3),
(137, 113, 'item', 11, 15),
(138, 113, 'item', 7, 9),
(139, 114, 'item', 92, 7),
(140, 114, 'item', 11, 70),
(141, 115, 'item', 92, 2),
(142, 115, 'item', 11, 20),
(143, 116, 'item', 92, 5),
(144, 116, 'item', 11, 50),
(145, 117, 'item', 92, 2),
(146, 117, 'item', 11, 20),
(147, 118, 'item', 92, 1),
(148, 118, 'item', 11, 10),
(149, 118, 'item', 7, 4),
(150, 119, 'item', 92, 5),
(151, 119, 'item', 11, 50),
(152, 120, 'item', 7, 20),
(153, 111, 'item', 7, 1),
(154, 110, 'item', 7, 1),
(155, 109, 'item', 7, 1),
(156, 63, 'item', 64, 10),
(157, 63, 'item', 92, 4),
(158, 104, 'item', 41, 35),
(159, 123, 'item', 107, 1),
(160, 123, 'item', 101, 2),
(161, 123, 'item', 56, 1),
(162, 23, 'item', 41, 2),
(163, 24, 'item', 41, 3),
(164, 50, 'item', 41, 5),
(165, 125, 'item', 64, 9),
(166, 125, 'item', 92, 1),
(171, 128, 'item', 26, 5),
(172, 128, 'item', 38, 5),
(173, 129, 'item', 38, 15),
(174, 129, 'item', 21, 10),
(175, 129, 'item', 39, 20),
(179, 131, 'item', 38, 12),
(180, 131, 'item', 21, 9),
(181, 131, 'item', 39, 20),
(185, 130, 'item', 38, 12),
(186, 130, 'item', 21, 9),
(187, 130, 'item', 39, 20),
(191, 132, 'item', 38, 10),
(192, 132, 'item', 21, 12),
(193, 132, 'item', 39, 20),
(201, 134, 'item', 64, 10),
(202, 134, 'item', 92, 4),
(203, 133, 'item', 39, 50),
(204, 133, 'item', 38, 3),
(205, 141, 'item', 55, 15),
(207, 141, 'item', 97, 1),
(208, 141, 'item', 26, 4),
(209, 142, 'item', 92, 1),
(210, 142, 'item', 7, 1),
(211, 142, 'item', 11, 1),
(212, 143, 'item', 7, 50),
(213, 143, 'item', 11, 25),
(214, 145, 'item', 92, 1),
(215, 145, 'item', 7, 2),
(216, 145, 'item', 11, 14),
(217, 147, 'item', 92, 1),
(218, 147, 'item', 7, 6),
(219, 147, 'item', 11, 12),
(220, 146, 'item', 92, 1),
(221, 146, 'item', 7, 6),
(222, 146, 'item', 11, 10),
(223, 148, 'item', 92, 3),
(224, 148, 'item', 7, 9),
(225, 148, 'item', 11, 15),
(226, 149, 'item', 92, 10),
(227, 149, 'item', 93, 50),
(228, 150, 'item', 92, 50),
(229, 150, 'item', 7, 50),
(230, 150, 'item', 149, 1),
(233, 151, 'item', 21, 10),
(234, 151, 'item', 38, 15),
(235, 151, 'item', 39, 20),
(236, 152, 'item', 21, 9),
(237, 152, 'item', 38, 12),
(238, 152, 'item', 39, 20),
(239, 153, 'item', 21, 9),
(240, 153, 'item', 38, 12),
(241, 153, 'item', 39, 20),
(242, 154, 'item', 41, 12),
(243, 154, 'item', 38, 10),
(244, 154, 'item', 39, 20),
(245, 155, 'item', 38, 3),
(246, 155, 'item', 39, 50),
(249, 157, 'item', 103, 1),
(251, 157, 'item', 97, 1),
(252, 157, 'item', 27, 1),
(253, 157, 'item', 68, 1),
(254, 158, 'item', 7, 1),
(255, 159, 'item', 7, 4),
(256, 159, 'item', 11, 2),
(257, 159, 'item', 98, 3),
(258, 164, 'item', 93, 10),
(259, 164, 'item', 92, 5),
(260, 165, 'item', 93, 4),
(261, 165, 'item', 92, 1),
(262, 167, 'tool', 164, 1),
(263, 167, 'item', 55, 10),
(264, 167, 'item', 165, 1),
(265, 167, 'item', 166, 3),
(266, 168, 'item', 7, 8),
(267, 168, 'item', 11, 2),
(268, 169, 'item', 166, 2),
(269, 169, 'item', 92, 1),
(270, 169, 'item', 2, 1),
(271, 170, 'item', 169, 1),
(272, 170, 'item', 165, 7),
(273, 170, 'item', 166, 3),
(274, 170, 'item', 161, 1),
(275, 170, 'tool', 159, 1),
(276, 171, 'item', 166, 3),
(277, 171, 'item', 97, 1),
(278, 171, 'item', 165, 2),
(279, 171, 'tool', 159, 1),
(280, 172, 'item', 163, 25),
(281, 172, 'item', 165, 10),
(282, 172, 'tool', 159, 1),
(283, 172, 'tool', 168, 1),
(284, 173, 'item', 21, 10),
(285, 173, 'item', 38, 15),
(286, 173, 'item', 39, 20),
(287, 174, 'item', 21, 9),
(288, 174, 'item', 38, 12),
(289, 174, 'item', 39, 20),
(290, 175, 'item', 21, 9),
(291, 175, 'item', 38, 12),
(292, 175, 'item', 39, 20),
(293, 176, 'item', 41, 12),
(294, 176, 'item', 38, 10),
(295, 176, 'item', 39, 20),
(296, 177, 'item', 38, 3),
(297, 177, 'item', 39, 50),
(300, 179, 'item', 64, 10),
(301, 179, 'item', 92, 4),
(302, 181, 'item', 41, 10),
(303, 182, 'item', 38, 12),
(304, 183, 'item', 41, 10),
(305, 184, 'item', 39, 20),
(308, 200, 'item', 55, 15),
(309, 200, 'item', 103, 4),
(310, 201, 'item', 18, 1),
(311, 201, 'item', 251, 1),
(312, 201, 'item', 64, 1),
(313, 201, 'item', 83, 50),
(314, 202, 'item', 64, 10),
(315, 202, 'item', 92, 4),
(316, 206, 'item', 11, 2),
(317, 206, 'item', 92, 2),
(318, 207, 'item', 39, 2),
(319, 207, 'item', 206, 1),
(320, 207, 'item', 38, 4),
(321, 208, 'item', 68, 1),
(322, 208, 'item', 56, 1),
(323, 208, 'item', 97, 1),
(324, 208, 'item', 103, 1),
(325, 210, 'item', 108, 50),
(326, 210, 'item', 93, 10),
(327, 211, 'item', 7, 3),
(328, 212, 'item', 11, 5),
(329, 212, 'item', 92, 2),
(330, 213, 'item', 11, 4),
(331, 213, 'item', 92, 2),
(332, 214, 'item', 11, 40),
(333, 214, 'item', 92, 10),
(334, 215, 'item', 11, 10),
(335, 215, 'item', 92, 5),
(336, 216, 'item', 7, 50),
(337, 216, 'item', 11, 10),
(338, 217, 'item', 11, 1),
(339, 217, 'item', 92, 2),
(340, 217, 'item', 96, 2),
(341, 218, 'item', 11, 3),
(342, 218, 'item', 7, 5),
(343, 219, 'item', 96, 8),
(344, 219, 'item', 92, 2),
(345, 220, 'item', 7, 1),
(346, 220, 'item', 11, 1),
(347, 220, 'item', 92, 1),
(348, 157, 'item', 222, 1),
(349, 224, 'item', 38, 10),
(350, 224, 'item', 41, 12),
(351, 224, 'item', 39, 20),
(352, 225, 'item', 38, 12),
(353, 225, 'item', 21, 9),
(354, 225, 'item', 39, 20),
(355, 226, 'item', 38, 12),
(356, 226, 'item', 21, 9),
(357, 226, 'item', 39, 20),
(358, 227, 'item', 38, 15),
(359, 227, 'item', 21, 10),
(360, 227, 'item', 39, 20),
(361, 228, 'item', 38, 3),
(362, 228, 'item', 39, 50),
(363, 229, 'item', 64, 10),
(364, 229, 'item', 92, 4),
(365, 251, 'item', 250, 1),
(366, 251, 'item', 200, 1),
(367, 247, 'item', 108, 50),
(368, 247, 'item', 82, 10),
(369, 247, 'item', 93, 20),
(370, 252, 'item', 7, 2),
(371, 15, 'item', 11, 8),
(372, 9, 'item', 11, 2),
(373, 1, 'item', 11, 4),
(374, 19, 'item', 11, 4),
(375, 247, 'item', 92, 20),
(376, 253, 'item', 92, 1),
(377, 253, 'item', 11, 1),
(378, 253, 'item', 18, 3),
(379, 254, 'item', 92, 4),
(380, 254, 'item', 11, 20),
(381, 255, 'item', 92, 2),
(382, 255, 'item', 11, 15);

--
-- Dumping data for table `cfgkingdomprojects`
--

INSERT INTO `cfgkingdomprojects` (`id`, `tag`, `type`, `name`, `description`, `owner`, `required_hours`, `required_structure_type_id`, `produced_structure_type_id`) VALUES
(1, 'academy_1', 'creation', 'structures_academy.prj_academy_level1_name', 'structures_academy.prj_academy_level1_desc', 'king', 4000, NULL, 32),
(2, 'trainingground_1', 'creation', 'structures_trainingground.prj_trainingground_level1_name', 'structures_trainingground.prj_trainingground_level1_desc', 'king', 6000, NULL, 34),
(3, 'castle_1', 'creation', 'structures_castle.prj_castle_name', 'structures_castle.prj_castle_desc', 'king', 2000, NULL, 8),
(4, 'court_1', 'creation', 'structures_court.prj_court_name', 'structures_court.prj_court_desc', 'vassal', 1000, NULL, 21),
(5, 'barracks_1', 'creation', 'structures_barracks.prj_barracks_level2_name', 'structures_barracks.prj_barracks_level1_desc', 'vassal', 750, NULL, 22),
(6, 'market_1', 'creation', 'structures_market.prj_market_name', 'structures_market.prj_market_desc', 'vassal', 300, NULL, 6),
(7, 'tavern_1', 'creation', 'structures_tavern.prj_tavern_name', 'structures_tavern.prj_tavern_desc', 'vassal', 200, NULL, 2),
(8, 'harbor_1', 'creation', 'structures_harbor.prj_harbor_name', 'structures_harbor.prj_harbor_desc', 'vassal', 200, NULL, 29),
(10, 'religion_2', 'creation', 'structures_religion_2.prj_religion_2_name', 'structures_religion_2.prj_religion_2_desc', 'church_level_1', 1000, NULL, -1),
(11, 'religion_3', 'creation', 'structures_religion_3.prj_religion_3_name', 'structures_religion_3.prj_religion_3_desc', 'church_level_2', 500, NULL, -1),
(12, 'religion_4', 'creation', 'structures_religion_4.prj_religion_4_name', 'structures_religion_4.prj_religion_4_desc', 'church_level_3', 250, NULL, -1),
(13, 'barracks_2', 'upgrade', 'structures_barracks.prj_barracks_level2_name', 'structures_barracks.prj_barracks_level2_desc', 'vassal', 375, 22, 69),
(14, 'well_1', 'creation', 'structures_well.prj_well_1_name', 'structures_well.prj_well_1_desc', 'vassal', 100, NULL, 82),
(15, 'watchtower_1', 'creation', 'structures_watchtower.prj_watchtower_level1_name', 'structures_watchtower.prj_watchtower_level1_desc', 'vassal', 300, NULL, 89);

--
-- Dumping data for table `cfgkingdomproject_dependencies`
--

INSERT INTO `cfgkingdomproject_dependencies` (`id`, `cfgkingdomproject_id`, `cfgitem_id`, `quantity`) VALUES
(1, 1, 7, 2000),
(2, 1, 11, 1000),
(3, 1, 82, 2000),
(4, 2, 7, 3000),
(5, 2, 11, 1500),
(6, 2, 82, 3000),
(7, 3, 108, 1000),
(8, 3, 7, 750),
(9, 3, 82, 1000),
(10, 4, 108, 500),
(11, 4, 7, 500),
(12, 4, 82, 500),
(13, 5, 108, 600),
(14, 5, 7, 300),
(15, 5, 82, 300),
(16, 6, 7, 300),
(17, 6, 82, 200),
(18, 7, 108, 100),
(19, 7, 7, 200),
(20, 7, 82, 100),
(23, 8, 7, 200),
(24, 8, 82, 50),
(25, 10, 7, 80),
(26, 11, 7, 60),
(27, 12, 7, 300),
(28, 10, 108, 350),
(29, 10, 82, 150),
(30, 10, 11, 80),
(31, 11, 108, 180),
(32, 11, 82, 120),
(33, 11, 11, 60),
(34, 12, 108, 50),
(35, 12, 82, 50),
(36, 12, 11, 25),
(37, 13, 108, 300),
(38, 13, 7, 150),
(39, 13, 82, 150),
(40, 14, 108, 100),
(41, 14, 93, 50),
(42, 14, 11, 50),
(43, 15, 82, 500),
(44, 15, 7, 400);

--
-- Dumping data for table `cfgmodules`
--

INSERT INTO `cfgmodules` (`id`, `module`, `status`, `description`) VALUES
(1, 'duels', 'enabled', 'Duels between players'),
(2, 'declarewar', 'enabled', 'Declare war'),
(3, 'quests', 'enabled', 'Quests'),
(4, 'changecitizenship', 'enabled', 'Change citizenship'),
(5, 'declarerevolt', 'enabled', 'Declare revolt');

--
-- Dumping data for table `cfgpremiumbonuses`
--

INSERT INTO `cfgpremiumbonuses` (`id`, `name`, `cutunit`) VALUES
(1, 'basicpackage', 'days'),
(2, 'travelerpackage', 'days'),
(3, 'workerpackage', 'days'),
(4, 'atelier-license-avatar', 'quantity'),
(5, 'atelier-license-armor_set', 'quantity'),
(6, 'atelier-license-armor_piece', 'quantity'),
(7, 'atelier-license-weapon', 'quantity'),
(8, 'atelier-license-cloth_set', 'quantity'),
(9, 'atelier-license-cloth_piece', 'quantity'),
(10, 'atelier-license-background', 'quantity'),
(11, 'atelier-license-background_free', 'quantity'),
(12, 'supercart', 'days'),
(13, 'professionaldesk', 'days'),
(14, 'professionaldeskslot', 'days'),
(15, 'armory', 'days'),
(16, 'wardrobe', 'days'),
(17, 'automatedsleep', 'days'),
(18, 'diamondring', 'quantity'),
(19, 'elixirofdexterity', 'quantity'),
(20, 'elixirofhealth', 'quantity'),
(21, 'elixirofstrength', 'quantity'),
(22, 'elixirofintelligence', 'quantity'),
(23, 'elixirofconstitution', 'quantity'),
(24, 'elixirofstamina', 'quantity'),
(25, 'rosary', 'days'),
(26, 'ipcheckshield', 'days'),
(27, 'elixirofcuredisease', 'quantity'),
(28, 'easteregg', 'quantity');

--
-- Dumping data for table `cfgpremiumbonuses_cuts`
--

INSERT INTO `cfgpremiumbonuses_cuts` (`id`, `cfgpremiumbonus_id`, `cut`, `price`, `enddate`) VALUES
(1, 1, 1, 10, '2032-12-31'),
(2, 1, 15, 70, '2032-12-31'),
(3, 1, 30, 130, '2032-12-31'),
(4, 1, 90, 370, '2032-12-31'),
(5, 1, 365, 1400, '2032-12-31'),
(6, 2, 1, 12, '2032-12-31'),
(7, 2, 15, 120, '2032-12-31'),
(8, 2, 30, 228, '2032-12-31'),
(9, 2, 90, 660, '2032-12-31'),
(10, 2, 365, 2520, '2032-12-31'),
(11, 3, 1, 10, '2032-12-31'),
(12, 3, 15, 100, '2032-12-31'),
(13, 3, 30, 190, '2032-12-31'),
(14, 3, 90, 550, '2032-12-31'),
(15, 3, 365, 2100, '2032-12-31'),
(16, 4, 1, 900, '2032-12-31'),
(17, 5, 1, 900, '2032-12-31'),
(18, 6, 1, 225, '2032-12-31'),
(19, 7, 1, 225, '2032-12-31'),
(20, 8, 1, 900, '2032-12-31'),
(21, 9, 1, 225, '2032-12-31'),
(22, 10, 1, 900, '2032-12-31'),
(23, 11, 1, 0, '2032-12-31'),
(24, 12, 30, 350, '2032-12-31'),
(25, 12, 90, 900, '2032-12-31'),
(26, 12, 180, 1700, '2032-12-31'),
(27, 12, 365, 3000, '2032-12-31'),
(28, 13, 72000, 900, '2032-12-31'),
(29, 14, 72000, 75, '2032-12-31'),
(30, 16, 72000, 150, '2032-12-31'),
(31, 15, 30, 190, '2032-12-31'),
(32, 17, 365, 900, '2032-12-31'),
(33, 18, 1, 2000, '2032-12-31'),
(34, 2, 0, 0, '2016-01-25'),
(35, 1, 0, 0, '2016-01-25'),
(36, 12, 0, 0, '2016-01-25'),
(37, 3, 0, 0, '2016-01-25'),
(39, 15, 0, 0, '2016-01-25'),
(40, 13, 0, 0, '2016-01-25'),
(41, 14, 0, 0, '2016-01-25'),
(42, 17, 0, 0, '2016-01-25'),
(43, 23, 1, 90, '2032-12-31'),
(44, 23, 10, 850, '2032-12-31'),
(45, 23, 50, 4000, '2032-12-31'),
(46, 19, 1, 90, '2032-12-31'),
(47, 19, 10, 850, '2032-12-31'),
(48, 19, 50, 4000, '2032-12-31'),
(49, 20, 1, 70, '2032-12-31'),
(50, 20, 10, 660, '2032-12-31'),
(51, 20, 50, 3080, '2032-12-31'),
(52, 21, 1, 90, '2032-12-31'),
(53, 21, 10, 850, '2032-12-31'),
(54, 21, 50, 4000, '2032-12-31'),
(55, 22, 1, 90, '2032-12-31'),
(56, 22, 10, 850, '2032-12-31'),
(57, 22, 50, 4000, '2032-12-31'),
(58, 24, 1, 90, '2032-12-31'),
(59, 24, 10, 850, '2032-12-31'),
(60, 24, 50, 4000, '2032-12-31'),
(61, 25, 30, 300, '2031-12-31'),
(62, 25, 180, 1800, '2031-12-31'),
(63, 25, 360, 3600, '2031-12-31'),
(64, 26, 180, 600, '2031-12-31'),
(65, 26, 360, 900, '2031-12-31'),
(66, 27, 1, 90, '2031-12-31'),
(67, 27, 10, 850, '2031-12-31'),
(68, 27, 50, 4000, '2031-12-31'),
(69, 17, 180, 500, '2032-12-31'),
(70, 28, 1, 1000, '2018-04-25');

--
-- Dumping data for table `cfgpremiumbonuses_promos`
--

INSERT INTO `cfgpremiumbonuses_promos` (`id`, `cfgpremiumbonus_id`, `name`, `discount`, `startdate`, `enddate`) VALUES
(1, 24, 'promo-potions-1', 50, '2016-02-05 10:39:22', '2016-02-05 22:39:22'),
(2, 21, 'promo-potions-1', 50, '2016-02-05 10:39:22', '2016-02-05 22:39:22'),
(3, 19, 'promo-potions-1', 50, '2016-02-05 10:39:22', '2016-02-05 22:39:22'),
(4, 22, 'promo-potions-1', 50, '2016-02-05 10:39:22', '2016-02-05 22:39:22'),
(5, 23, 'promo-potions-1', 50, '2016-02-05 10:39:22', '2016-02-05 22:39:22'),
(6, 20, 'promo-potions-1', 50, '2016-02-05 10:39:22', '2016-02-05 22:39:22'),
(7, 20, 'promo-elixir-1', 30, '2016-07-05 10:15:00', '2016-07-05 18:15:00'),
(8, 1, 'Black Friday 2016', 30, '2016-11-25 16:00:00', '2016-11-25 22:00:00'),
(9, 2, 'Black Friday 2016', 30, '2016-11-25 16:00:00', '2016-11-25 22:00:00'),
(10, 3, 'Black Friday 2016', 30, '2016-11-25 16:00:00', '2016-11-25 22:00:00'),
(11, 12, 'Black Friday 2016', 30, '2016-11-25 16:00:00', '2016-11-25 22:00:00'),
(12, 13, 'Black Friday 2016', 30, '2016-11-25 16:00:00', '2016-11-25 22:00:00'),
(13, 14, 'Black Friday 2016', 30, '2016-11-25 16:00:00', '2016-11-25 22:00:00'),
(14, 15, 'Black Friday 2016', 30, '2016-11-25 16:00:00', '2016-11-25 22:00:00'),
(15, 16, 'Black Friday 2016', 30, '2016-11-25 16:00:00', '2016-11-25 22:00:00'),
(16, 17, 'Black Friday 2016', 30, '2016-11-25 16:00:00', '2016-11-25 22:00:00'),
(17, 18, 'Black Friday 2016', 30, '2016-11-25 16:00:00', '2016-11-25 22:00:00'),
(18, 19, 'Black Friday 2016', 30, '2016-11-25 16:00:00', '2016-11-25 22:00:00'),
(19, 20, 'Black Friday 2016', 30, '2016-11-25 16:00:00', '2016-11-25 22:00:00'),
(20, 21, 'Black Friday 2016', 30, '2016-11-25 16:00:00', '2016-11-25 22:00:00'),
(21, 22, 'Black Friday 2016', 30, '2016-11-25 16:00:00', '2016-11-25 22:00:00'),
(22, 23, 'Black Friday 2016', 30, '2016-11-25 16:00:00', '2016-11-25 22:00:00'),
(23, 24, 'Black Friday 2016', 30, '2016-11-25 16:00:00', '2016-11-25 22:00:00'),
(24, 25, 'Black Friday 2016', 30, '2016-11-25 16:00:00', '2016-11-25 22:00:00'),
(25, 26, 'Black Friday 2016', 30, '2016-11-25 16:00:00', '2016-11-25 22:00:00'),
(26, 27, 'Black Friday 2016', 30, '2016-11-25 16:00:00', '2016-11-25 22:00:00'),
(27, 1, 'Xmas Promo 2016', 30, '2016-12-23 10:00:00', '2016-12-24 23:59:59'),
(28, 18, 'Xmas Promo 2016', 30, '2016-12-23 10:00:00', '2016-12-24 23:59:59'),
(29, 19, 'Xmas Promo 2016', 30, '2016-12-23 10:00:00', '2016-12-24 23:59:59'),
(30, 20, 'Xmas Promo 2016', 30, '2016-12-23 10:00:00', '2016-12-24 23:59:59'),
(31, 21, 'Xmas Promo 2016', 30, '2016-12-23 10:00:00', '2016-12-24 23:59:59'),
(32, 22, 'Xmas Promo 2016', 30, '2016-12-23 10:00:00', '2016-12-24 23:59:59'),
(33, 23, 'Xmas Promo 2016', 30, '2016-12-23 10:00:00', '2016-12-24 23:59:59'),
(34, 24, 'Xmas Promo 2016', 30, '2016-12-23 10:00:00', '2016-12-24 23:59:59'),
(35, 27, 'Xmas Promo 2016', 30, '2016-12-23 10:00:00', '2016-12-24 23:59:59'),
(36, 18, 'Valentine 2017', 40, '2017-02-14 11:40:00', '2017-02-14 23:59:59'),
(37, 19, 'War Promo February 2017', 30, '2017-02-15 10:00:00', '2017-02-16 10:00:00'),
(38, 20, 'War Promo February 2017', 30, '2017-02-15 10:00:00', '2017-02-16 10:00:00'),
(39, 21, 'War Promo February 2017', 30, '2017-02-15 10:00:00', '2017-02-16 10:00:00'),
(40, 22, 'War Promo February 2017', 30, '2017-02-15 10:00:00', '2017-02-16 10:00:00'),
(41, 23, 'War Promo February 2017', 30, '2017-02-15 10:00:00', '2017-02-16 10:00:00'),
(42, 24, 'War Promo February 2017', 30, '2017-02-15 10:00:00', '2017-02-16 10:00:00'),
(43, 27, 'War Promo February 2017', 30, '2017-02-15 10:00:00', '2017-02-16 10:00:00'),
(44, 18, 'Black Friday 2017', 40, '2017-11-24 09:00:00', '2017-11-25 10:00:00'),
(45, 2, 'Black Friday 2017', 30, '2017-11-24 09:00:00', '2017-11-25 10:00:00'),
(46, 3, 'Black Friday 2017', 30, '2017-11-24 09:00:00', '2017-11-25 10:00:00'),
(47, 12, 'Black Friday 2017', 30, '2017-11-24 09:00:00', '2017-11-25 10:00:00'),
(48, 13, 'Black Friday 2017', 30, '2017-11-24 09:00:00', '2017-11-25 10:00:00'),
(49, 14, 'Black Friday 2017', 30, '2017-11-24 09:00:00', '2017-11-25 10:00:00'),
(50, 15, 'Black Friday 2017', 30, '2017-11-24 09:00:00', '2017-11-25 10:00:00'),
(51, 16, 'Black Friday 2017', 30, '2017-11-24 09:00:00', '2017-11-25 10:00:00'),
(52, 17, 'Black Friday 2017', 30, '2017-11-24 09:00:00', '2017-11-25 10:00:00'),
(53, 18, 'Black Friday 2017', 30, '2017-11-24 09:00:00', '2017-11-25 10:00:00'),
(54, 19, 'Black Friday 2017', 30, '2017-11-24 09:00:00', '2017-11-25 10:00:00'),
(55, 20, 'Black Friday 2017', 30, '2017-11-24 09:00:00', '2017-11-25 10:00:00'),
(56, 21, 'Black Friday 2017', 30, '2017-11-24 09:00:00', '2017-11-25 10:00:00'),
(57, 22, 'Black Friday 2017', 30, '2017-11-24 09:00:00', '2017-11-25 10:00:00'),
(58, 23, 'Black Friday 2017', 30, '2017-11-24 09:00:00', '2017-11-25 10:00:00'),
(59, 24, 'Black Friday 2017', 30, '2017-11-24 09:00:00', '2017-11-25 10:00:00'),
(60, 25, 'Black Friday 2017', 30, '2017-11-24 09:00:00', '2017-11-25 10:00:00'),
(61, 26, 'Black Friday 2017', 30, '2017-11-24 09:00:00', '2017-11-25 10:00:00'),
(62, 27, 'Black Friday 2017', 30, '2017-11-24 09:00:00', '2017-11-25 10:00:00'),
(63, 25, 'Black Friday 2017', 30, '2017-11-24 09:00:00', '2017-11-25 10:00:00'),
(64, 1, 'Black Friday 2017', 30, '2017-11-24 09:00:00', '2017-11-25 10:00:00'),
(65, 28, '2018-easterevent-promo', 50, '2018-04-02 07:02:28', '2018-04-07 09:02:28'),
(66, 19, 'War Promo July 2018', 50, '2018-07-06 18:00:00', '2018-07-08 18:00:00'),
(67, 20, 'War Promo July 2018', 50, '2018-07-06 18:00:00', '2018-07-08 18:00:00'),
(68, 21, 'War Promo July 2018', 50, '2018-07-06 18:00:00', '2018-07-08 18:00:00'),
(69, 22, 'War Promo July 2018', 50, '2018-07-06 18:00:00', '2018-07-08 18:00:00'),
(70, 23, 'War Promo July 2018', 50, '2018-07-06 18:00:00', '2018-07-08 18:00:00'),
(71, 24, 'War Promo July 2018', 50, '2018-07-06 18:00:00', '2018-07-08 18:00:00'),
(72, 27, 'War Promo July 2018', 50, '2018-07-06 18:00:00', '2018-07-08 18:00:00');

--
-- Dumping data for table `cfgquests`
--

INSERT INTO `cfgquests` (`id`, `name`, `path`, `dependencies`, `author_id`, `final`, `sortorder`) VALUES
(2, 'cultivatecrops', 'tutorial', NULL, 1, '0', 2),
(3, 'crafting', 'tutorial', NULL, 1, '0', 4),
(4, 'resourcesfromafar', 'tutorial', NULL, 11388, '1', 6),
(5, 'prisoncoreloop', 'tutorial', NULL, 17123, '0', 1),
(6, 'training', 'tutorial', NULL, 1, '0', 3),
(7, 'fighting', 'tutorial', NULL, 1, '0', 5);

--
-- Dumping data for table `cfgquest_events`
--

INSERT INTO `cfgquest_events` (`id`, `cfgquest_id`, `event`) VALUES
(15, 2, 'harvestfield'),
(17, 2, 'seedfield'),
(24, 2, 'sellitemmarket'),
(23, 3, 'craft'),
(25, 3, 'sellitemmarket'),
(21, 4, 'getwood'),
(22, 4, 'sellitemmarket'),
(9, 5, 'cleanprison'),
(10, 5, 'eatfood'),
(11, 5, 'resttavern'),
(26, 6, 'study'),
(27, 7, 'killrat');

--
-- Dumping data for table `cfgtoplists`
--

INSERT INTO `cfgtoplists` (`id`, `username`, `name`, `hasrewardsystem`, `url`, `refererurl`, `target`, `reward`, `status`, `showtoplist`) VALUES
(6, 'medievaleurope', 'topwebgames.com', 1, 'http://topwebgames.com/in.asp?id=7421&key=KEY&pwd=pwd&alwaysreward=1', 'http://www.topwebgames.com', 5000, '5;energy', 'active', '1'),
(10, 'mastro', 'browsermmorpg.com', 0, 'http://browsermmorpg.com/vote.php?id=619&key=KEY', 'http://browsermmorpg.com', 5000, '5;energy', 'active', '1'),
(13, 'sunchaser', 'bbogd.com', 1, 'http://bbogd.com/vote/medieval-europe-classic/KEY', 'http://www.bbogd.com', 3000, '3;coinbread', 'active', '1'),
(14, 'medievaleurope', 'browsergame.info', 0, 'http://www.browsergames.info', 'http://www.browsergames.info', 3000, '3;coinbread', 'iinactive', '1'),
(27, 'dynamoproductions', 'toppbbgs', 0, 'http://www.topbbgs.com/index.php?view=vote&id=352', 'http://www.topbbgs.com', 2000, '3;coinbread', 'inactive', '1'),
(28, 'dynamoproductions', 'pbbgames.com', 0, 'http://pbbgames.com/site/vote/id/321', 'http://pbbgames.com', 3000, '3;coinbread', 'active', '1'),
(31, 'medievaleurope', 'arena-top100.com', 1, 'http://www.arena-top100.com/index.php?a=in&u=dynamoproductions&id=KEY', 'http://www.arena-top100.com', 5000, '10;energy', 'inactive', '1'),
(32, 'info', 'top100arena.com', 1, 'http://www.top100arena.com/in.asp?id=86704&incentive=KEY', 'http://www.top100arena.com/', 5000, '5;energy', 'active', '1'),
(33, 'medievaleurope', 'top-pbbg.com', 1, 'http://www.top-pbbg.com/index.php?a=in&u=medievaleurope&k=KEY', 'http://www.top-pbbg.com', 3000, '3;coinbread', 'inactive', '1'),
(34, 'medievaleurope', 'apexwebgaming.com', 1, 'http://apexwebgaming.com/?i_id=KEY', 'http://apexwebgaming.com', 3000, '3;coinbread', 'inactive', '1');

--
-- Dumping data for table `cfgwardrobeitems`
--

INSERT INTO `cfgwardrobeitems` (`id`, `tag`, `name`, `author`, `previewfilepath`, `cfgpremiumbonus_id`) VALUES
(1, 'avatar_1', NULL, 'Dynamo Productions', 'media/images/wardrobe/atelier/dynamo/avatars/avatars/watermarked/', 4),
(2, 'avatar_2', NULL, 'Dynamo Productions', 'media/images/wardrobe/atelier/dynamo/avatars/avatars/watermarked/', 4),
(3, 'avatar_3', NULL, 'Dynamo Productions', 'media/images/wardrobe/atelier/dynamo/avatars/avatars/watermarked/', 4),
(4, 'avatar_4', NULL, 'Dynamo Productions', 'media/images/wardrobe/atelier/dynamo/avatars/avatars/watermarked/', 4),
(5, 'avatar_5', NULL, 'Dynamo Productions', 'media/images/wardrobe/atelier/dynamo/avatars/avatars/watermarked/', 4),
(6, 'avatar_6', NULL, 'Dynamo Productions', 'media/images/wardrobe/atelier/dynamo/avatars/avatars/watermarked/', 4),
(7, 'avatar_7', NULL, 'Dynamo Productions', 'media/images/wardrobe/atelier/dynamo/avatars/avatars/watermarked/', 4),
(8, 'avatar_8', NULL, 'Dynamo Productions', 'media/images/wardrobe/atelier/dynamo/avatars/avatars/watermarked/', 4),
(9, 'avatar_9', NULL, 'Dynamo Productions', 'media/images/wardrobe/atelier/dynamo/avatars/avatars/watermarked/', 4),
(10, 'armor_1_sets', NULL, 'Dynamo Productions', 'media/images/wardrobe/atelier/dynamo/armors/sets/watermarked/', 5),
(11, 'armor_2_sets', NULL, 'Dynamo Productions', 'media/images/wardrobe/atelier/dynamo/armors/sets/watermarked/', 5),
(12, 'armor_3_sets', NULL, 'Dynamo Productions', 'media/images/wardrobe/atelier/dynamo/armors/sets/watermarked/', 5),
(13, 'armor_4_sets', NULL, 'Dynamo Productions', 'media/images/wardrobe/atelier/dynamo/armors/sets/watermarked/', 5),
(14, 'armor_5_sets', NULL, 'Dynamo Productions', 'media/images/wardrobe/atelier/dynamo/armors/sets/watermarked/', 5),
(15, 'armor_6_sets', NULL, 'Dynamo Productions', 'media/images/wardrobe/atelier/dynamo/armors/sets/watermarked/', 5),
(16, 'armor_7_sets', 'Plate Armor', 'M2M Design', 'media/images/wardrobe/atelier/dynamo/armors/sets/watermarked/', 5),
(17, 'armor_1_shields', NULL, 'Dynamo Productions', 'media/images/wardrobe/atelier/dynamo/armors/shields/watermarked/', 6),
(18, 'armor_2_shields', NULL, 'Dynamo Productions', 'media/images/wardrobe/atelier/dynamo/armors/shields/watermarked/', 6),
(19, 'armor_3_shields', NULL, 'Dynamo Productions', 'media/images/wardrobe/atelier/dynamo/armors/shields/watermarked/', 6),
(20, 'weapon_1', NULL, 'Dynamo Productions', 'media/images/wardrobe/atelier/dynamo/weapons/weapons/watermarked/', 7),
(21, 'weapon_2', NULL, 'Dynamo Productions', 'media/images/wardrobe/atelier/dynamo/weapons/weapons/watermarked/', 7),
(22, 'weapon_3', NULL, 'Dynamo Productions', 'media/images/wardrobe/atelier/dynamo/weapons/weapons/watermarked/', 7),
(23, 'weapon_4', NULL, 'Dynamo Productions', 'media/images/wardrobe/atelier/dynamo/weapons/weapons/watermarked/', 7),
(24, 'weapon_5', NULL, 'Dynamo Productions', 'media/images/wardrobe/atelier/dynamo/weapons/weapons/watermarked/', 7),
(25, 'clothes_1_sets', NULL, 'Dynamo Productions', 'media/images/wardrobe/atelier/dynamo/clothes/sets/watermarked/', 8),
(26, 'clothes_2_sets', NULL, 'Dynamo Productions', 'media/images/wardrobe/atelier/dynamo/clothes/sets/watermarked/', 8),
(27, 'clothes_3_sets', NULL, 'Dynamo Productions', 'media/images/wardrobe/atelier/dynamo/clothes/sets/watermarked/', 8),
(28, 'clothes_4_sets', NULL, 'Dynamo Productions', 'media/images/wardrobe/atelier/dynamo/clothes/sets/watermarked/', 8),
(29, 'clothes_5_sets', NULL, 'Dynamo Productions', 'media/images/wardrobe/atelier/dynamo/clothes/sets/watermarked/', 8),
(30, 'clothes_6_sets', NULL, 'Dynamo Productions', 'media/images/wardrobe/atelier/dynamo/clothes/sets/watermarked/', 8),
(31, 'clothes_7_sets', 'Kaftan', 'M2M Design', 'media/images/wardrobe/atelier/dynamo/clothes/sets/watermarked/', 8),
(32, 'clothes_8_sets', 'Young Lady', 'M2M Design', 'media/images/wardrobe/atelier/dynamo/clothes/sets/watermarked/', 8),
(33, 'clothes_1_body', NULL, 'Dynamo Productions', 'media/images/wardrobe/atelier/dynamo/clothes/body/watermarked/', 9),
(34, 'clothes_4_body', NULL, 'Dynamo Productions', 'media/images/wardrobe/atelier/dynamo/clothes/body/watermarked/', 9),
(35, 'clothes_2_body', NULL, 'Dynamo Productions', 'media/images/wardrobe/atelier/dynamo/clothes/body/watermarked/', 9),
(36, 'armor_3_body', NULL, 'Dynamo Productions', 'media/images/wardrobe/atelier/dynamo/armors/body/watermarked/', 6),
(37, 'armor_3_legs', NULL, 'Dynamo Productions', 'media/images/wardrobe/atelier/dynamo/armors/legs/watermarked/', 6),
(38, 'armor_3_feet', NULL, 'Dynamo Productions', 'media/images/wardrobe/atelier/dynamo/armors/feet/watermarked/', 6),
(40, 'clothes_2_feet', NULL, 'Dynamo Productions', 'media/images/wardrobe/atelier/dynamo/clothes/feet/watermarked/', 9),
(41, 'armor_5_body', NULL, 'Dynamo Productions', 'media/images/wardrobe/atelier/dynamo/armors/body/watermarked/', 6),
(42, 'clothes_4_legs', NULL, 'Dynamo Productions', 'media/images/wardrobe/atelier/dynamo/clothes/legs/watermarked/', 9),
(43, 'clothes_4_feet', NULL, 'Dynamo Productions', 'media/images/wardrobe/atelier/dynamo/clothes/feet/watermarked/', 9),
(44, 'clothes_1_feet', NULL, 'Dynamo Productions', 'media/images/wardrobe/atelier/dynamo/clothes/feet/watermarked/', 9),
(45, 'clothes_3_body', NULL, 'Dynamo Productions', 'media/images/wardrobe/atelier/dynamo/clothes/body/watermarked/', 9),
(46, 'armor_2_head', NULL, 'Dynamo Productions', 'media/images/wardrobe/atelier/dynamo/armors/head/watermarked/', 6),
(47, 'armor_2_body', NULL, 'Dynamo Productions', 'media/images/wardrobe/atelier/dynamo/armors/body/watermarked/', 6),
(48, 'armor_5_head', NULL, 'Dynamo Productions', 'media/images/wardrobe/atelier/dynamo/armors/head/watermarked/', 6),
(49, 'armor_4_body', NULL, 'Dynamo Productions', 'media/images/wardrobe/atelier/dynamo/armors/body/watermarked/', 6),
(50, 'armor_4_feet', NULL, 'Dynamo Productions', 'media/images/wardrobe/atelier/dynamo/armors/feet/watermarked/', 6),
(51, 'clothes_2a_head', NULL, 'Dynamo Productions', 'media/images/wardrobe/atelier/dynamo/clothes/head/watermarked/', 9),
(52, 'armor_3_head', NULL, 'Dynamo Productions', 'media/images/wardrobe/atelier/dynamo/armors/head/watermarked/', 6),
(53, 'background_red', NULL, 'Dynamo Productions', 'media/images/wardrobe/atelier/dynamo/backgrounds/watermarked/', 11),
(54, 'background_blue', NULL, 'Dynamo Productions', 'media/images/wardrobe/atelier/dynamo/backgrounds/watermarked/', 11),
(55, 'background_green', NULL, 'Dynamo Productions', 'media/images/wardrobe/atelier/dynamo/backgrounds/watermarked/', 11),
(56, 'background_violet', NULL, 'Dynamo Productions', 'media/images/wardrobe/atelier/dynamo/backgrounds/watermarked/', 11),
(57, 'background_trasparent', NULL, 'Dynamo Productions', 'media/images/wardrobe/atelier/dynamo/backgrounds/watermarked/', 11),
(58, 'armor_8_sets', NULL, 'M2M Design', 'media/images/wardrobe/atelier/dynamo/armors/sets/watermarked/', 5),
(59, 'armor_9_sets', NULL, 'Dynamo Productions', 'media/images/wardrobe/atelier/dynamo/armors/sets/watermarked/', 5),
(60, 'armor_10_sets', NULL, 'Dynamo Productions', 'media/images/wardrobe/atelier/dynamo/armors/sets/watermarked/', 5);

--
-- Dumping data for table `churches`
--

INSERT INTO `churches` (`id`, `religion_id`, `name`, `holytexturl`) VALUES
(1, 1, 'rome', 'http://wiki.medieval-europe.eu/index.php?title=Ancient_Teological_Church_Sacred_Texts'),
(3, 2, 'turnu', 'http://wiki.medieval-europe.eu/index.php?title=En_US_Sacred_Text_Universal_Pagan_Community'),
(4, 3, 'nochurch', NULL),
(5, 4, 'cairo', 'http://wiki.medieval-europe.eu/index.php?title=Eastern_Mystical_Church_Sacred_Texts'),
(6, 5, 'kiev', 'http://wiki.medieval-europe.eu/index.php?title=Patriarchal_Church_Sacred_Texts'),
(7, 6, 'norse', 'https://www.wiki.medieval-europe.eu/index.php?title=Norse_Church_Sacred_Texts');

--
-- Dumping data for table `kingdoms`
--

INSERT INTO `kingdoms` (`id`, `name`, `image`, `status`, `title`, `slogan`, `color`, `language1`, `language2`, `lastattacked`, `activityscore`, `forumurl`) VALUES
(1, 'kingdoms.duchy-milano', 'duchy-milano', 'deleted', 'global.title_king', '', '#008db9', 'Italian', 'English', 1442332742, 0.99884, 'http://rpforum.medieval-europe.eu/index.php/board,8.0.html'),
(2, 'kingdoms.republic-genova', 'republic-genova', 'deleted', 'global.title_king', '', '#795e21', NULL, NULL, NULL, NULL, NULL),
(3, 'kingdoms.republic-roma', 'republic-roma', '', 'global.title_king', 'Senatus popolusque romanorum', '#f5f500', 'Italian', 'English', 1537537622, 0.43439, 'http://rpforum.medieval-europe.eu/index.php/board,15.0.html'),
(4, 'kingdoms.republic-venezia', 'republic-venezia', '', 'global.title_king', '', '#2f2f8b', 'Italian', 'English', 1513945743, 1.14821, 'http://rpforum.medieval-europe.eu/index.php/board,12.0.html'),
(5, 'kingdoms.republic-siena', 'republic-siena', 'deleted', 'global.title_king', '', '#A9A9A9', 'Italian', 'English', 1429617967, 1.17342, 'http://rpforum.medieval-europe.eu/index.php/board,14.0.html'),
(6, 'kingdoms.republic-firenze', 'republic-firenze', 'deleted', 'global.title_king', '', '#680095', 'Italian', 'English', NULL, NULL, NULL),
(7, 'kingdoms.kingdom-sicilia', 'kingdom-sicilia', '', 'global.title_king', 'Sicily is an island where anything can happen.', '#7B68EE', 'English', 'Italian', 1536846363, 1.17896, 'http://rpforum.medieval-europe.eu/index.php/board,18.0.html'),
(8, 'kingdoms.kingdom-sardegna', 'kingdom-sardegna', 'deleted', 'global.title_king', '', '#c86e1a', 'English', 'Arabic', 1424510467, NULL, NULL),
(9, 'kingdoms.kingdom-napoli', 'kingdom-napoli', 'deleted', 'global.title_king', '', '#00a600', 'Italian', 'English', NULL, NULL, NULL),
(10, 'kingdoms.kingdom-italy', 'kingdom-italy', '', 'global.title_king', 'Virtutibus Itur Ad Astra.', '#017975', 'Italian', 'English', 1525956182, 0.73208, 'http://rpforum.medieval-europe.eu/index.php/board,16.0.html'),
(11, 'kingdoms.duchy-ferrara', 'duchy-ferrara', 'deleted', 'global.title_king', '', '#FFDAB9', NULL, NULL, NULL, NULL, NULL),
(12, 'kingdoms.duchy-savoia', 'duchy-savoia', '', 'global.title_king', 'Duty, Commitment, Honor', '#FF7F50', 'English', 'Italian', 1518611704, 0.49786, 'http://rpforum.medieval-europe.eu/index.php/board,9.0.html'),
(13, 'kingdoms.kingdom-aragona', 'kingdom-aragona', '', 'global.title_king', '', '#971067', 'Spanish', 'Italian', 1536846363, 0.29134, 'http://rpforum.medieval-europe.eu/index.php/board,22.0.html'),
(14, 'kingdoms.kingdom-castiglia', 'kingdom-castiglia', '', 'global.title_king', 'Castilla y Leon, land of oportunity!', '#ffcf4f', 'Spanish', 'Italian', 1525956182, 0.84776, 'http://rpforum.medieval-europe.eu/index.php/board,23.0.html'),
(15, 'kingdoms.kingdom-francia', 'kingdom-francia', '', 'global.title_king', 'Montjoie!', '#e0ffff', 'French', 'Italian', 1522672804, 1.34854, 'http://rpforum.medieval-europe.eu/index.php/board,21.0.html'),
(17, 'kingdoms.kingdom-boemia', 'kingdom-boemia', '', 'global.title_king', 'Veritas vincit', '#66aa8b', 'English', 'Hungarian', NULL, 1.63268, 'http://rpforum.medieval-europe.eu/index.php/board,26.0.html'),
(18, 'kingdoms.kingdom-inghilterra', 'kingdom-inghilterra', '', 'global.title_king', 'Teos et mon droit.', '#AB0000', 'English', 'English', 1523450462, 1.09508, 'http://rpforum.medieval-europe.eu/index.php/board,24.0.html'),
(19, 'kingdoms.kingdom-scozia', 'kingdom-scozia', '', 'global.title_king', '', '#262761', 'English', 'Italian', 1525178582, 0.50349, 'http://rpforum.medieval-europe.eu/index.php/board,25.0.html'),
(20, 'kingdoms.duchy-normandia', 'duchy-normandia', 'deleted', 'global.title_king', '', '#bc9fa5', 'Italian', 'French', 1525178582, 0.04267, 'http://rpforum.medieval-europe.eu/index.php/board,20.0.html'),
(21, 'kingdoms.duchy-aquitania', 'duchy-aquitania', '', 'global.title_king', '', '#fff478', NULL, NULL, 1524314522, 0.98742, 'http://rpforum.medieval-europe.eu/index.php/board,69.0.html'),
(22, 'kingdoms.duchy-baviera', 'duchy-baviera', 'deleted', 'global.title_king', '', '#396363', NULL, NULL, NULL, 0.69513, 'http://rpforum.medieval-europe.eu/index.php/board,194.0.html'),
(23, 'kingdoms.voivodship-arberia', 'voivodship-arberia', '', 'global.title_voivod', '', '#dee05a', 'Bulgarian', 'English', 1536155103, 1.25574, 'http://rpforum.medieval-europe.eu/index.php/board,89.0.html'),
(24, 'kingdoms.principality-valacchia', 'principality-valacchia', '', 'global.title_king', '', '#FFA51D', 'Romanian', 'English', 1506687603, 1.49542, 'http://rpforum.medieval-europe.eu/index.php/board,116.0.html'),
(25, 'kingdoms.county-fiandre', 'county-fiandre', '', 'global.title_king', 'Vlaendren ende Leeu', '#5D575F', 'Dutch', 'Italian', 1485255310, 1.11097, 'http://rpforum.medieval-europe.eu/index.php/board,204.0.html'),
(26, 'kingdoms.kingdom-irlanda', 'kingdom-irlanda', 'deleted', 'global.title_king', 'A Trade Haven', '#F7F7F7', 'English', 'English', 1500710464, 1.08141, 'http://rpforum.medieval-europe.eu/index.php/board,524.0.html'),
(27, 'kingdoms.principality-galles', 'principality-galles', 'deleted', 'global.title_king', '', '#456e45', 'English', 'English', NULL, NULL, NULL),
(28, 'kingdoms.kingdom-portogallo', 'kingdom-portogallo', '', 'global.title_king', 'In hoc signo vinces', '#6CBE9D', 'Portuguese', 'English', 1522672803, 0.60803, 'http://rpforum.medieval-europe.eu/index.php/board,528.0.html'),
(29, 'kingdoms.empire-byzantine', 'empire-byzantine', '', 'global.title_emperor', 'The Eastern Roman Empire - Gateway between East and West', '#0C7400', 'Greek', 'English', 1520339822, 1.41379, 'http://rpforum.medieval-europe.eu/index.php/board,516.0.html'),
(30, 'kingdoms.kingdom-polonia', 'kingdom-polonia', '', 'global.title_king', '', '#FFFFFF', 'English', 'Turkish', 1514723406, 0.77321, 'http://rpforum.medieval-europe.eu/index.php/board,526.0.html'),
(31, 'kingdoms.kingdom-hungary', 'kingdom-hungary', '', 'global.title_king', '', '#a4849b', 'Russian', 'English', 1523450462, 0.33338, 'http://rpforum.medieval-europe.eu/index.php/board,522.0.html'),
(32, 'kingdoms.duchy-sassonia', 'duchy-sassonia', 'deleted', 'global.title_king', '', '#bcbc34', 'Dutch', 'German', 1519475763, 0.38050, 'http://rpforum.medieval-europe.eu/index.php/board,530.0.html'),
(33, 'kingdoms.archduchy-austria', 'archduchy-austria', '', 'global.title_archduke', 'pro salute omnium', '#BCBC75', 'English', 'German', 1537537622, 1.25992, 'http://rpforum.medieval-europe.eu/index.php/board,514.0.html'),
(34, 'kingdoms.kingdom-danimarca', 'kingdom-danimarca', '', 'global.title_king', '', '#8A8A8A', 'English', 'Italian', 1509193383, 1.07234, 'http://rpforum.medieval-europe.eu/index.php/board,518.0.html'),
(35, 'kingdoms.kingdom-serbia', 'kingdom-serbia', '', 'global.title_tsar', 'Samo Sloga Srbina Spasava!!! - Only Unity Save Serbs!!!', '#800000', NULL, NULL, 1535377443, 0.98332, 'http://rpforum.medieval-europe.eu/index.php/board,532.0.html'),
(36, 'kingdoms.sultanate-granada', 'sultanate-granada', 'deleted', 'global.title_king', '', '#003f00', NULL, NULL, NULL, NULL, NULL),
(37, 'kingdoms.kingdom-independent', 'kingdom-independent', '', 'global.title_king', '', '#f9ecc9', NULL, NULL, NULL, NULL, 'http://rpforum.medieval-europe.eu/index.php'),
(38, 'kingdoms.grand-duchy-lithuania', 'grand-duchy-lithuania', 'deleted', 'global.title_king', '', '#c40101', NULL, NULL, 1425823388, NULL, NULL),
(39, 'kingdoms.kingdom-prussia', 'kingdom-prussia', '', 'global.title_king', 'Vaterland Über Alles!', '#474747', 'English', 'English', 1536155103, 0.00000, NULL),
(40, 'kingdoms.principality-kiev', 'principality-kiev', '', 'global.title_grandprince', '', '#8bc7ff', 'Russian', 'English', 1535377443, 0.42950, 'http://rpforum.medieval-europe.eu/index.php/board,902.0.html'),
(41, 'kingdoms.kingdom-jerusalem', 'kingdom-jerusalem', 'deleted', 'global.title_king', '', '#1483bf', 'English', 'Italian', 1521981543, 0.92616, 'http://rpforum.medieval-europe.eu/index.php/board,1038.0.html'),
(42, 'kingdoms.kingdom-mamluk', 'kingdom-mamluk', 'deleted', 'global.title_king', '', '#f6e517', 'English', 'Israelian', 1486119365, 0.45972, 'http://rpforum.medieval-europe.eu/index.php/board,1041.0.html'),
(43, 'kingdoms.grandduchy-cyrenaica', 'grandduchy-cyrenaica', '', 'global.title_grandduke', '', '#930fd2', 'English', 'English', 1499932804, 3.00000, 'http://rpforum.medieval-europe.eu/index.php/board,1042.0.html'),
(44, 'kingdoms.kingdom-seljuq', 'kingdom-seljuq', '', 'global.title_king', '', '#94ee79', NULL, NULL, 1526647442, 0.60326, 'http://rpforum.medieval-europe.eu/index.php/board,1039.0.html'),
(45, 'kingdoms.kingdom-ottoman', 'kingdom-ottoman', '', 'global.title_emperor', 'Devlet-i Ebed Müddet', '#f20510', 'Turkish', 'English', 1524314522, 0.60701, 'http://rpforum.medieval-europe.eu/index.php/board,1037.0.html'),
(46, 'kingdoms.kingdom-bulgaria', 'kingdom-bulgaria', '', 'global.title_tsar', 'Nastane vecher - mesec izgree, zvezdi obsipiat svodyt nebesen; gora zashumi, viatyr povee, - Balkanyt pee hajdushka pesen.  \"Hristo Botev\"', '#581b1d', 'English', 'Bulgarian', 1472483826, 1.84595, 'http://rpforum.medieval-europe.eu/index.php/board,1040.0.html'),
(47, 'kingdoms.kingdom-sweden', 'kingdom-sweden', '', 'global.title_king', 'Du Gamla, Du Fria ', '#1473bf', 'English', 'Swedish', 1473347887, 1.20404, 'http://rpforum.medieval-europe.eu/index.php/board,1219.0.html'),
(50, 'kingdoms.despotate-odrin', 'despotate-odrin', 'deleted', 'global.title_despot', 'Despot Svetoslav of House Barbossa!', '#6f4242', 'Bulgarian', 'English', NULL, 2.84875, NULL);

--
-- Dumping data for table `kingdom_nobletitles`
--

INSERT INTO `kingdom_nobletitles` (`id`, `kingdom_id`, `title`, `customisedtitle_m`, `customisedtitle_f`) VALUES
(1, 35, 'marquis', 'Gospodar', 'Tsarina'),
(2, 35, 'prince', 'Princ', 'Princeza'),
(3, 35, 'duke', 'Vojvoda', 'Vojvotkinja'),
(4, 35, 'earl', 'Ban', 'Grofica'),
(5, 35, 'viscount', 'Župan', 'Župana'),
(6, 35, 'baron', 'Baron', 'Baronica'),
(7, 35, 'knight', 'Vitez', 'Vitez'),
(8, 43, 'prince', 'Veliki Knez', 'Princess'),
(9, 12, 'prince', 'Prince Emiritus', 'Queen Consort'),
(10, 12, 'knight', 'Knight', 'Dame'),
(11, 20, 'earl', 'WarLord Commander', 'Holy WarLady '),
(12, 18, 'marquis', 'Earl', 'Marchioness'),
(13, 19, 'knight', 'Knight', 'Knight'),
(14, 7, 'prince', '??????????', '??????????'),
(15, 23, 'viscount', 'Viskont', 'Viscountess'),
(17, 45, 'prince', 'Sadrazam', 'Sadrazam'),
(18, 45, 'marquis', 'Beylerbeyi', 'Beylerbeyi'),
(19, 45, 'duke', 'Vezir', 'Vezir'),
(20, 45, 'earl', 'Pasha', 'Pasha'),
(21, 3, 'prince', 'Prince', 'Domina'),
(22, 47, 'prince', 'Förste', 'Junkfrue'),
(23, 47, 'duke', 'Hertugh', 'Hertoghinne'),
(24, 47, 'earl', 'Jarl', 'Jarlkona'),
(25, 47, 'baron', 'Hersir', 'Hersirkona'),
(26, 47, 'lord', 'Drotin', 'Fru'),
(27, 47, 'knight', 'Riddare', 'Riddare'),
(28, 23, 'marquis', 'Royal Toilets Cleaner', 'Royal Toilets Cleaner'),
(29, 26, 'prince', 'Princess', 'Princess'),
(30, 10, 'prince', 'Principe Consorte ', 'Principessa'),
(31, 15, 'prince', 'Prince', 'Princess'),
(32, 10, 'baron', 'Barone', 'Baronessa'),
(33, 24, 'prince', 'Prince', 'Queen Consort of '),
(34, 3, 'duke', 'Praefectus urbi', 'Duchess'),
(35, 19, 'prince', 'Prince', 'Princess'),
(36, 28, 'duke', 'Duque', 'Duquesa'),
(37, 28, 'marquis', 'Marquês', 'Marquesa'),
(38, 45, 'viscount', 'Sancak Beyi', 'Sancak Beyi'),
(39, 45, 'baron', 'Bey', 'Bey'),
(40, 45, 'lord', 'Aga', 'Aga'),
(41, 45, 'knight', 'Sipahi', 'Sipahi'),
(42, 14, 'prince', 'Principe', 'Regina');

--
-- Dumping data for table `kingdom_titles`
--

INSERT INTO `kingdom_titles` (`id`, `cfgachievement_id`, `kingdom_id`, `stars`, `timestamp`, `position`, `current`) VALUES
(140, 62, 1, 2, '2015-11-23 00:00:04', 1, 'N'),
(145, 67, 13, 1, '2015-11-23 08:58:52', 1, 'Y'),
(172, 63, 1, 3, '2015-11-25 00:00:09', 1, 'N'),
(700, 63, 46, 3, '2016-02-18 00:00:05', 1, 'N'),
(930, 65, 14, 2, '2016-03-27 00:00:08', 1, 'N'),
(967, 66, 12, 3, '2016-04-01 23:00:08', 1, 'N'),
(1490, 74, 4, 1, '2016-06-28 15:28:01', 1, 'Y'),
(2032, 62, 15, 2, '2016-09-26 23:00:09', 1, 'N'),
(2127, 78, 46, 1, '2016-10-12 09:41:07', 1, 'Y'),
(2128, 79, 32, 2, '2016-10-12 09:41:07', 1, 'Y'),
(2129, 80, 44, 3, '2016-10-12 09:41:07', 1, 'Y'),
(3544, 65, 26, 2, '2017-06-01 23:00:03', 1, 'N'),
(3762, 86, 40, 1, '2017-07-08 07:30:08', 2, 'Y'),
(3763, 87, 31, 2, '2017-07-08 07:30:08', 2, 'Y'),
(3764, 88, 39, 3, '2017-07-08 07:30:08', 2, 'Y'),
(4278, 104, 17, 1, '2017-09-29 12:58:30', 1, 'Y'),
(4279, 105, 4, 2, '2017-09-29 12:58:47', 1, 'Y'),
(4280, 106, 35, 3, '2017-09-29 12:59:02', 1, 'Y'),
(4455, 61, 20, 1, '2017-10-30 01:00:05', 1, 'N'),
(4486, 62, 20, 2, '2017-11-04 01:00:04', 1, 'Y'),
(4646, 66, 26, 3, '2017-11-30 01:00:07', 1, 'Y'),
(4733, 63, 15, 3, '2017-12-15 01:00:04', 1, 'Y'),
(4887, 61, 7, 1, '2018-01-10 01:00:05', 1, 'N'),
(5367, 61, 34, 1, '2018-03-31 01:00:03', 1, 'N'),
(5434, 62, 34, 2, '2018-04-11 01:00:04', 1, 'N'),
(5537, 63, 34, 3, '2018-04-28 01:00:03', 1, 'Y'),
(5644, 62, 7, 2, '2018-05-16 01:00:04', 1, 'N'),
(5663, 63, 7, 3, '2018-05-19 01:00:03', 1, 'Y'),
(5844, 64, 7, 1, '2018-06-18 01:00:02', 1, 'N'),
(5962, 62, 25, 2, '2018-07-08 01:00:02', 1, 'N'),
(5980, 62, 23, 2, '2018-07-11 01:00:02', 1, 'N'),
(5991, 61, 23, 1, '2018-07-13 01:00:03', 1, 'N'),
(6005, 63, 23, 3, '2018-07-15 01:00:03', 1, 'Y'),
(6092, 66, 40, 3, '2018-07-30 01:00:03', 1, 'Y'),
(6155, 63, 25, 3, '2018-08-08 01:00:02', 1, 'Y'),
(6285, 61, 39, 1, '2018-08-30 01:00:03', 1, 'N'),
(6286, 62, 10, 2, '2018-08-30 01:00:03', 1, 'N'),
(6297, 61, 10, 1, '2018-09-01 01:00:03', 1, 'N'),
(6455, 63, 18, 3, '2018-09-26 01:00:01', 1, 'N'),
(6459, 61, 40, 1, '2018-09-27 01:00:03', 1, 'N'),
(6466, 62, 40, 2, '2018-09-28 01:00:02', 1, 'N'),
(6481, 65, 34, 2, '2018-09-30 01:00:03', 1, 'N'),
(6511, 65, 7, 2, '2018-10-05 01:00:03', 1, 'N'),
(6518, 66, 7, 3, '2018-10-06 01:00:03', 1, 'Y'),
(6754, 62, 3, 2, '2018-11-15 07:00:03', 1, 'N'),
(6769, 65, 13, 2, '2018-11-17 07:00:02', 1, 'N'),
(6797, 63, 3, 3, '2018-11-22 07:00:02', 1, 'Y'),
(6806, 66, 13, 3, '2018-11-23 07:00:03', 1, 'N'),
(6815, 63, 13, 3, '2018-11-25 07:00:02', 1, 'Y'),
(6816, 64, 13, 1, '2018-11-25 07:00:03', 1, 'Y'),
(6911, 63, 28, 3, '2018-12-11 07:00:02', 1, 'N'),
(6916, 62, 28, 2, '2018-12-12 07:00:02', 1, 'Y'),
(6950, 66, 14, 3, '2018-12-17 07:00:02', 1, 'Y'),
(6980, 66, 34, 3, '2018-12-22 07:00:02', 1, 'Y'),
(7114, 62, 39, 2, '2019-01-14 07:00:02', 1, 'N'),
(7138, 62, 29, 2, '2019-01-18 07:00:02', 1, 'N'),
(7139, 63, 19, 3, '2019-01-18 07:00:02', 1, 'N'),
(7178, 66, 25, 3, '2019-01-24 07:00:03', 1, 'N'),
(7206, 64, 21, 1, '2019-01-29 07:00:03', 1, 'N'),
(7262, 66, 21, 3, '2019-02-07 07:00:03', 1, 'Y'),
(7968, 64, 10, 1, '2019-06-13 06:00:03', 1, 'N'),
(7969, 65, 25, 2, '2019-06-13 06:00:03', 1, 'N'),
(8119, 65, 4, 2, '2019-07-08 06:00:03', 1, 'N'),
(8120, 66, 10, 3, '2019-07-08 06:00:03', 1, 'N'),
(8126, 66, 4, 3, '2019-07-09 06:00:02', 1, 'Y'),
(8291, 63, 10, 3, '2019-08-06 06:00:03', 1, 'Y'),
(8315, 63, 40, 3, '2019-08-10 06:00:03', 1, 'Y'),
(8331, 61, 19, 1, '2019-08-13 06:00:03', 1, 'N'),
(8332, 62, 18, 2, '2019-08-13 06:00:03', 1, 'N'),
(8363, 63, 29, 3, '2019-08-18 06:00:02', 1, 'Y'),
(8373, 61, 18, 1, '2019-08-20 06:00:02', 1, 'Y'),
(8374, 62, 19, 2, '2019-08-20 06:00:02', 1, 'Y'),
(8375, 63, 39, 3, '2019-08-20 06:00:02', 1, 'Y'),
(8376, 64, 25, 1, '2019-08-20 06:00:03', 1, 'Y'),
(8377, 65, 10, 2, '2019-08-20 06:00:03', 1, 'Y'),
(8378, 66, 18, 3, '2019-08-20 06:00:03', 1, 'Y');

--
-- Dumping data for table `regions`
--

INSERT INTO `regions` (`id`, `name`, `type`, `geography`, `clima`, `kingdom_id`, `capital`, `updatemap`, `coords`, `island`, `lastconqueredbynatives`, `canbeconquered`, `status`) VALUES
(2, 'regions.agrigento', 'land', 'mountains', 'moderate', 35, 0, 1, '1652.1984', 0, NULL, NULL, 'enabled'),
(3, 'regions.palermo', 'land', 'mountains', 'moderate', 7, 1, 0, '1676.1930', 0, NULL, NULL, 'enabled'),
(6, 'regions.reggio', 'land', 'hills', 'hot', 10, 0, 0, '1852.1852', 0, NULL, NULL, 'enabled'),
(7, 'regions.cosenza', 'land', 'hills', 'moderate', 10, 0, 1, '1822.1787', 0, NULL, NULL, 'enabled'),
(9, 'regions.lecce', 'land', 'plains', 'hot', 10, 0, 0, '1942.1718', 0, NULL, NULL, 'enabled'),
(13, 'regions.bari', 'land', 'plains', 'hot', 10, 0, 0, '1886.1676', 0, NULL, NULL, 'enabled'),
(14, 'regions.foggia', 'land', 'plains', 'hot', 10, 0, 0, '1746.1595', 0, NULL, NULL, 'enabled'),
(18, 'regions.roma', 'land', 'plains', 'hot', 3, 1, 0, '1591.1568', 0, NULL, NULL, 'enabled'),
(20, 'regions.urbino', 'land', 'mountains', 'moderate', 10, 1, 0, '1617.1430', 0, NULL, NULL, 'enabled'),
(21, 'regions.perugia', 'land', 'mountains', 'cold', 10, 0, 0, '1584.1457', 0, NULL, NULL, 'enabled'),
(23, 'regions.siena', 'land', 'plains', 'moderate', 10, 0, 0, '1519.1534', 0, NULL, NULL, 'enabled'),
(26, 'regions.firenze', 'land', 'mountains', 'cold', 10, 0, 0, '1504.1421', 0, NULL, NULL, 'enabled'),
(27, 'regions.lucca', 'land', 'plains', 'moderate', 10, 0, 0, '1436.1424', 0, NULL, NULL, 'enabled'),
(28, 'regions.genoa', 'land', 'plains', 'moderate', 10, 0, 0, '1325.1325', 0, NULL, NULL, 'enabled'),
(32, 'regions.ferrara', 'land', 'plains', 'moderate', 10, 0, 1, '1545.1322', 0, NULL, NULL, 'enabled'),
(33, 'regions.ravenna', 'land', 'plains', 'moderate', 10, 0, 0, '1552.1393', 0, NULL, NULL, 'enabled'),
(34, 'regions.corsica', 'land', 'mountains', 'moderate', 10, 0, 1, '1350.1500', 1, NULL, NULL, 'enabled'),
(36, 'regions.cagliari', 'land', 'hills', 'moderate', 10, 0, 0, '1327.1675', 0, NULL, NULL, 'enabled'),
(37, 'regions.piemonte', 'land', 'mountains', 'cold', 10, 0, 0, '1291.1337', 0, NULL, NULL, 'enabled'),
(40, 'regions.forcalquier', 'land', 'plains', 'moderate', 35, 0, 1, '1199.1414', 0, NULL, NULL, 'enabled'),
(41, 'regions.provence', 'land', 'plains', 'moderate', 35, 0, 1, '1136.1408', 0, NULL, NULL, 'enabled'),
(43, 'regions.dauphine-viennois', 'land', 'mountains', 'moderate', 35, 0, 1, '1155.1299', 0, NULL, NULL, 'enabled'),
(44, 'regions.savoy', 'land', 'mountains', 'cold', 12, 1, 0, '1200.1235', 0, NULL, NULL, 'enabled'),
(46, 'regions.valais', 'land', 'mountains', 'cold', 35, 0, 1, '1251.1207', 0, NULL, NULL, 'enabled'),
(47, 'regions.neuchatte', 'land', 'hills', 'moderate', 39, 0, 1, '1227.1157', 0, NULL, NULL, 'enabled'),
(48, 'regions.valtellina', 'land', 'mountains', 'cold', 10, 0, 0, '1296.1119', 0, NULL, NULL, 'enabled'),
(51, 'regions.como', 'land', 'mountains', 'cold', 10, 0, 0, '1323.1157', 0, NULL, NULL, 'enabled'),
(54, 'regions.lombardia', 'land', 'hills', 'moderate', 10, 0, 0, '1340.1240', 0, NULL, NULL, 'enabled'),
(56, 'regions.brescia', 'land', 'plains', 'moderate', 10, 0, 0, '1412.1261', 0, NULL, NULL, 'enabled'),
(58, 'regions.cremona', 'land', 'plains', 'moderate', 10, 0, 1, '1437.1314', 0, NULL, NULL, 'enabled'),
(62, 'regions.venezia', 'land', 'plains', 'moderate', 4, 1, 0, '1580.1249', 0, NULL, NULL, 'enabled'),
(64, 'regions.bergamo', 'land', 'mountains', 'cold', 10, 0, 0, '1396.1137', 0, NULL, NULL, 'enabled'),
(66, 'regions.tirol', 'land', 'hills', 'cold', 4, 0, 0, '1519.1145', 0, NULL, NULL, 'enabled'),
(67, 'regions.mainz', 'land', 'hills', 'moderate', 25, 0, 0, '1322.855', 0, NULL, NULL, 'enabled'),
(69, 'regions.nordgau', 'land', 'hills', 'moderate', 4, 0, 1, '1306.964', 0, NULL, NULL, 'enabled'),
(72, 'regions.metz', 'land', 'hills', 'cold', 4, 0, 1, '1226.938', 0, NULL, NULL, 'enabled'),
(75, 'regions.saintois', 'land', 'hills', 'moderate', 4, 0, 1, '1200.1007', 0, NULL, NULL, 'enabled'),
(77, 'regions.auxerre', 'land', 'hills', 'moderate', 15, 0, 0, '1125.1016', 0, NULL, NULL, 'enabled'),
(78, 'regions.dijon', 'land', 'hills', 'moderate', 15, 0, 0, '1121.1078', 0, NULL, NULL, 'enabled'),
(79, 'regions.sens', 'land', 'hills', 'moderate', 15, 0, 0, '1063.973', 0, NULL, NULL, 'enabled'),
(81, 'regions.thouars', 'land', 'plains', 'moderate', 39, 0, 1, '739.1075', 0, NULL, NULL, 'enabled'),
(83, 'regions.tourraine', 'land', 'plains', 'moderate', 31, 0, 1, '885.1076', 0, NULL, NULL, 'enabled'),
(84, 'regions.bourges', 'land', 'hills', 'moderate', 39, 0, 1, '959.1102', 0, NULL, NULL, 'enabled'),
(88, 'regions.lyon', 'land', 'hills', 'moderate', 10, 0, 1, '1132.1201', 0, NULL, NULL, 'enabled'),
(90, 'regions.lusignan', 'land', 'plains', 'moderate', 40, 0, 1, '819.1139', 0, NULL, 1536933361, 'enabled'),
(93, 'regions.bourbon', 'land', 'plains', 'moderate', 10, 0, 1, '955.1179', 0, NULL, 1519475765, 'enabled'),
(94, 'regions.angouleme', 'land', 'plains', 'moderate', 21, 0, 0, '784.1211', 0, NULL, NULL, 'enabled'),
(96, 'regions.forez', 'land', 'hills', 'hot', 35, 0, 1, '1066.1232', 0, NULL, NULL, 'enabled'),
(101, 'regions.perigord', 'land', 'plains', 'hot', 12, 0, 1, '881.1246', 0, NULL, NULL, 'enabled'),
(102, 'regions.toulouse', 'land', 'plains', 'hot', 46, 0, 1, '896.1330', 0, NULL, NULL, 'enabled'),
(105, 'regions.narbonne', 'land', 'hills', 'moderate', 10, 0, 1, '950.1414', 0, NULL, NULL, 'enabled'),
(106, 'regions.bordeaux', 'land', 'plains', 'hot', 21, 1, 0, '755.1253', 0, NULL, NULL, 'enabled'),
(110, 'regions.rosello', 'land', 'mountains', 'moderate', 40, 0, 1, '928.1462', 0, NULL, NULL, 'enabled'),
(111, 'regions.labourd', 'land', 'hills', 'cold', 21, 0, 0, '725.1367', 0, NULL, NULL, 'enabled'),
(113, 'regions.urgell', 'land', 'mountains', 'cold', 40, 0, 1, '843.1463', 0, NULL, NULL, 'enabled'),
(115, 'regions.navarra', 'land', 'mountains', 'cold', 39, 0, 1, '665.1379', 0, NULL, NULL, 'enabled'),
(118, 'regions.soria', 'land', 'mountains', 'hot', 31, 0, 1, '565.1479', 0, NULL, NULL, 'enabled'),
(120, 'regions.zaragoza', 'land', 'hills', 'moderate', 35, 0, 1, '708.1478', 0, NULL, NULL, 'enabled'),
(123, 'regions.barcelona', 'land', 'plains', 'moderate', 40, 0, 1, '866.1552', 0, NULL, NULL, 'enabled'),
(124, 'regions.tarragona', 'land', 'plains', 'moderate', 39, 0, 1, '764.1592', 0, NULL, NULL, 'enabled'),
(125, 'regions.compostela', 'land', 'plains', 'moderate', 31, 0, 1, '300.1284', 0, NULL, NULL, 'enabled'),
(126, 'regions.asturias', 'land', 'hills', 'moderate', 40, 0, 1, '423.1328', 0, NULL, NULL, 'enabled'),
(132, 'regions.burgos', 'land', 'mountains', 'moderate', 14, 1, 0, '480.1400', 0, NULL, NULL, 'enabled'),
(133, 'regions.porto', 'land', 'hills', 'moderate', 40, 0, 1, '208.1422', 0, NULL, NULL, 'enabled'),
(134, 'regions.braganza', 'land', 'mountains', 'moderate', 39, 0, 1, '275.1431', 0, NULL, NULL, 'enabled'),
(135, 'regions.leon', 'land', 'hills', 'moderate', 40, 0, 1, '354.1467', 0, NULL, NULL, 'enabled'),
(136, 'regions.valladolid', 'land', 'hills', 'moderate', 40, 0, 1, '465.1479', 0, NULL, NULL, 'enabled'),
(140, 'regions.lisboa', 'land', 'hills', 'moderate', 28, 1, 0, '145.1533', 0, NULL, NULL, 'enabled'),
(143, 'regions.faro', 'land', 'plains', 'hot', 39, 0, 1, '153.1743', 0, NULL, NULL, 'enabled'),
(145, 'regions.aracena', 'land', 'plains', 'hot', 31, 0, 1, '314.1742', 0, NULL, NULL, 'enabled'),
(147, 'regions.sevilla', 'land', 'plains', 'hot', 31, 0, 1, '356.1790', 0, NULL, NULL, 'enabled'),
(150, 'regions.granada', 'land', 'hills', 'hot', 31, 0, 1, '475.1790', 0, NULL, NULL, 'enabled'),
(151, 'regions.almeria', 'land', 'plains', 'moderate', 39, 0, 1, '536.1853', 0, NULL, 1475769248, 'enabled'),
(153, 'regions.murcia', 'land', 'hills', 'hot', 40, 0, 1, '610.1804', 0, NULL, NULL, 'enabled'),
(155, 'regions.valencia', 'land', 'plains', 'hot', 13, 1, 0, '645.1660', 0, NULL, NULL, 'enabled'),
(157, 'regions.evora', 'land', 'plains', 'moderate', 40, 0, 1, '220.1586', 0, NULL, NULL, 'enabled'),
(160, 'regions.toledo', 'land', 'hills', 'hot', 31, 0, 1, '451.1604', 0, NULL, NULL, 'enabled'),
(162, 'regions.mertola', 'land', 'plains', 'moderate', 40, 0, 1, '216.1684', 0, NULL, NULL, 'enabled'),
(163, 'regions.extremadura', 'land', 'hills', 'hot', 31, 0, 1, '333.1648', 0, NULL, NULL, 'enabled'),
(165, 'regions.calatrava', 'land', 'hills', 'moderate', 40, 0, 1, '446.1679', 0, NULL, NULL, 'enabled'),
(168, 'regions.cuinca', 'land', 'plains', 'hot', 40, 0, 1, '557.1608', 0, NULL, NULL, 'enabled'),
(171, 'regions.rennes', 'land', 'plains', 'moderate', 39, 0, 1, '760.946', 0, NULL, NULL, 'enabled'),
(172, 'regions.avranches', 'land', 'hills', 'moderate', 39, 0, 1, '781.865', 0, NULL, NULL, 'enabled'),
(173, 'regions.evreux', 'land', 'plains', 'moderate', 31, 0, 1, '876.899', 0, NULL, NULL, 'enabled'),
(175, 'regions.orleans', 'land', 'plains', 'moderate', 40, 0, 1, '1012.1034', 0, NULL, 1523537464, 'enabled'),
(176, 'regions.cornouaille', 'land', 'hills', 'moderate', 39, 0, 1, '628.941', 0, NULL, NULL, 'enabled'),
(180, 'regions.vendome', 'land', 'hills', 'moderate', 46, 0, 1, '872.1007', 0, NULL, NULL, 'enabled'),
(182, 'regions.vannes', 'land', 'plains', 'moderate', 39, 0, 1, '687.975', 0, NULL, NULL, 'enabled'),
(186, 'regions.guines', 'land', 'plains', 'moderate', 15, 0, 1, '975.758', 0, NULL, 1537796823, 'enabled'),
(188, 'regions.brugge', 'land', 'plains', 'moderate', 25, 1, 0, '1045.740', 0, NULL, NULL, 'enabled'),
(190, 'regions.vexin', 'land', 'plains', 'hot', 15, 0, 0, '952.870', 0, NULL, NULL, 'enabled'),
(193, 'regions.hainaut', 'land', 'plains', 'moderate', 25, 0, 0, '1091.826', 0, NULL, NULL, 'enabled'),
(195, 'regions.brabant', 'land', 'plains', 'moderate', 25, 0, 0, '1131.803', 0, NULL, NULL, 'enabled'),
(196, 'regions.liege', 'land', 'plains', 'moderate', 25, 0, 0, '1180.813', 0, NULL, NULL, 'enabled'),
(197, 'regions.ile-de-france', 'land', 'plains', 'moderate', 15, 1, 0, '1030.880', 0, NULL, NULL, 'enabled'),
(198, 'regions.luxembourg', 'land', 'hills', 'moderate', 25, 0, 0, '1207.861', 0, NULL, NULL, 'enabled'),
(199, 'regions.andernach', 'land', 'plains', 'moderate', 25, 0, 0, '1263.816', 0, NULL, NULL, 'enabled'),
(202, 'regions.breda', 'land', 'plains', 'moderate', 25, 0, 0, '1150.750', 0, NULL, NULL, 'enabled'),
(205, 'regions.cornwall', 'land', 'hills', 'moderate', 18, 0, 0, '576.763', 0, NULL, NULL, 'enabled'),
(206, 'regions.exeter', 'land', 'plains', 'moderate', 18, 0, 0, '646.742', 0, NULL, NULL, 'enabled'),
(210, 'regions.hampshire', 'land', 'plains', 'moderate', 15, 0, 1, '780.708', 0, NULL, NULL, 'enabled'),
(212, 'regions.kent', 'land', 'plains', 'moderate', 18, 0, 0, '884.674', 0, NULL, NULL, 'enabled'),
(214, 'regions.salisbury', 'land', 'plains', 'moderate', 18, 0, 1, '773.678', 0, NULL, 1522068542, 'enabled'),
(216, 'regions.oxford', 'land', 'plains', 'moderate', 18, 0, 1, '755.637', 0, NULL, 1521895142, 'enabled'),
(218, 'regions.norfolk', 'land', 'plains', 'moderate', 18, 0, 0, '871.562', 0, NULL, NULL, 'enabled'),
(221, 'regions.northampton', 'land', 'plains', 'moderate', 18, 0, 0, '779.582', 0, NULL, NULL, 'enabled'),
(223, 'regions.hereford', 'land', 'plains', 'moderate', 18, 0, 0, '684.608', 0, NULL, NULL, 'enabled'),
(224, 'regions.gwent', 'land', 'plains', 'moderate', 18, 0, 0, '678.645', 0, NULL, NULL, 'enabled'),
(225, 'regions.london', 'land', 'plains', 'moderate', 18, 1, 0, '778.610', 0, NULL, NULL, 'enabled'),
(227, 'regions.derby', 'land', 'plains', 'moderate', 18, 0, 0, '735.534', 0, NULL, NULL, 'enabled'),
(228, 'regions.lancaster', 'land', 'plains', 'moderate', 18, 0, 0, '710.499', 0, NULL, NULL, 'enabled'),
(229, 'regions.york', 'land', 'plains', 'moderate', 43, 0, 1, '762.465', 0, NULL, NULL, 'enabled'),
(230, 'regions.chester', 'land', 'hills', 'moderate', 18, 0, 0, '671.510', 0, NULL, NULL, 'enabled'),
(232, 'regions.gwynnedd', 'land', 'hills', 'moderate', 39, 0, 1, '620.585', 0, NULL, NULL, 'enabled'),
(234, 'regions.dyfed', 'land', 'hills', 'moderate', 18, 0, 1, '601.639', 0, NULL, 1536155102, 'enabled'),
(240, 'regions.cumberland', 'land', 'hills', 'moderate', 19, 0, 0, '666.398', 0, NULL, NULL, 'enabled'),
(241, 'regions.north-cumberland', 'land', 'hills', 'moderate', 18, 0, 0, '716.376', 0, NULL, NULL, 'enabled'),
(244, 'regions.carrick', 'land', 'hills', 'moderate', 19, 0, 0, '609.352', 0, NULL, NULL, 'enabled'),
(246, 'regions.atholl', 'land', 'plains', 'cold', 19, 0, 0, '620.211', 0, NULL, NULL, 'enabled'),
(248, 'regions.moray', 'land', 'hills', 'cold', 19, 0, 0, '599.158', 0, NULL, NULL, 'enabled'),
(249, 'regions.mar ', 'land', 'plains', 'cold', 19, 0, 0, '697.162', 0, NULL, NULL, 'enabled'),
(252, 'regions.sutherland', 'land', 'plains', 'cold', 19, 0, 0, '602.92', 0, NULL, NULL, 'enabled'),
(255, 'regions.strathclyde', 'land', 'hills', 'moderate', 19, 0, 0, '610.288', 0, NULL, NULL, 'enabled'),
(256, 'regions.lothian', 'land', 'hills', 'moderate', 19, 1, 0, '641.304', 0, NULL, NULL, 'enabled'),
(257, 'regions.munster', 'land', 'hills', 'moderate', 19, 0, 1, '364.611', 0, NULL, 1501660927, 'enabled'),
(261, 'regions.connacht', 'land', 'hills', 'moderate', 19, 0, 1, '368.492', 0, NULL, NULL, 'enabled'),
(263, 'regions.osraigh', 'land', 'plains', 'moderate', 19, 0, 1, '443.543', 0, NULL, NULL, 'enabled'),
(264, 'regions.leinster', 'land', 'hills', 'moderate', 19, 0, 1, '464.466', 0, NULL, NULL, 'enabled'),
(265, 'regions.ulster', 'land', 'hills', 'cold', 19, 0, 1, '517.395', 0, NULL, NULL, 'enabled'),
(267, 'regions.mide', 'land', 'hills', 'cold', 19, 0, 1, '436.376', 0, NULL, NULL, 'enabled'),
(270, 'regions.bremen', 'land', 'plains', 'moderate', 47, 0, 1, '1370.530', 0, NULL, NULL, 'enabled'),
(271, 'regions.celle', 'land', 'plains', 'moderate', 25, 0, 0, '1405.594', 0, NULL, NULL, 'enabled'),
(272, 'regions.lueneburg', 'land', 'plains', 'moderate', 25, 0, 0, '1461.633', 0, NULL, NULL, 'enabled'),
(277, 'regions.thueringen', 'land', 'plains', 'moderate', 25, 0, 0, '1469.792', 0, NULL, NULL, 'enabled'),
(278, 'regions.weimar', 'land', 'plains', 'moderate', 25, 0, 0, '1475.741', 0, NULL, NULL, 'enabled'),
(283, 'regions.muenster', 'land', 'plains', 'moderate', 25, 0, 0, '1316.675', 0, NULL, NULL, 'enabled'),
(285, 'regions.oldenburg', 'land', 'plains', 'moderate', 25, 0, 0, '1339.577', 0, NULL, NULL, 'enabled'),
(287, 'regions.ostfriesland', 'land', 'plains', 'moderate', 25, 0, 0, '1302.619', 0, NULL, NULL, 'enabled'),
(290, 'regions.westfriesland', 'land', 'plains', 'moderate', 25, 0, 0, '1164.632', 0, NULL, NULL, 'enabled'),
(292, 'regions.utrecht', 'land', 'plains', 'moderate', 25, 0, 0, '1194.694', 0, NULL, NULL, 'enabled'),
(293, 'regions.jylland', 'land', 'plains', 'moderate', 34, 0, 0, '1456.366', 0, NULL, NULL, 'enabled'),
(295, 'regions.fyn', 'land', 'plains', 'moderate', 34, 0, 0, '1497.436', 1, NULL, NULL, 'enabled'),
(296, 'regions.sjaelland', 'land', 'plains', 'moderate', 34, 1, 0, '1557.428', 0, NULL, NULL, 'enabled'),
(301, 'regions.rosrock', 'land', 'plains', 'moderate', 47, 0, 1, '1572.558', 0, NULL, NULL, 'enabled'),
(303, 'regions.wolgagt', 'land', 'plains', 'moderate', 31, 0, 1, '1648.605', 0, NULL, 1520254023, 'enabled'),
(304, 'regions.brandenburg', 'land', 'plains', 'moderate', 17, 0, 0, '1646.683', 0, NULL, NULL, 'enabled'),
(305, 'regions.lausitz', 'land', 'plains', 'moderate', 17, 0, 0, '1691.752', 0, NULL, NULL, 'enabled'),
(308, 'regions.opava', 'land', 'plains', 'moderate', 17, 0, 0, '1870.870', 0, NULL, NULL, 'enabled'),
(312, 'regions.praha', 'land', 'hills', 'moderate', 17, 1, 0, '1715.835', 0, NULL, NULL, 'enabled'),
(313, 'regions.liberec', 'land', 'plains', 'moderate', 17, 0, 0, '1756.806', 0, NULL, NULL, 'enabled'),
(314, 'regions.bergenshus', 'land', 'mountains', 'cold', 19, 0, 0, '1417.58', 0, NULL, NULL, 'enabled'),
(315, 'regions.oppland', 'land', 'mountains', 'moderate', 34, 0, 0, '1543.29', 0, NULL, NULL, 'enabled'),
(316, 'regions.varmland', 'land', 'hills', 'cold', 34, 0, 0, '1657.84', 0, NULL, NULL, 'enabled'),
(317, 'regions.dalarna', 'land', 'hills', 'cold', 34, 0, 0, '1735.33', 0, NULL, NULL, 'enabled'),
(319, 'regions.uppland', 'land', 'plains', 'cold', 34, 0, 0, '1841.88', 0, NULL, NULL, 'enabled'),
(321, 'regions.ostergotland', 'land', 'plains', 'cold', 47, 1, 0, '1766.230', 0, NULL, NULL, 'enabled'),
(323, 'regions.smaland', 'land', 'plains', 'moderate', 47, 0, 0, '1773.368', 0, NULL, 1430338022, 'enabled'),
(326, 'regions.skane', 'land', 'plains', 'moderate', 47, 0, 0, '1627.373', 0, NULL, NULL, 'enabled'),
(327, 'regions.vastergotland', 'land', 'hills', 'cold', 47, 0, 0, '1643.283', 0, NULL, NULL, 'enabled'),
(328, 'regions.viken', 'land', 'plains', 'moderate', 34, 0, 0, '1593.220', 0, NULL, NULL, 'enabled'),
(334, 'regions.telemark', 'land', 'hills', 'cold', 19, 0, 0, '1448.155', 0, NULL, NULL, 'enabled'),
(336, 'regions.stettin', 'land', 'plains', 'moderate', 39, 0, 0, '1729.594', 0, NULL, 1434312602, 'enabled'),
(338, 'regions.danzig', 'land', 'plains', 'hot', 39, 0, 0, '1873.554', 0, NULL, NULL, 'enabled'),
(341, 'regions.kujawy', 'land', 'plains', 'cold', 39, 0, 0, '1957.639', 0, NULL, NULL, 'enabled'),
(343, 'regions.krakowskie', 'land', 'plains', 'moderate', 30, 1, 0, '1965.790', 0, NULL, NULL, 'enabled'),
(347, 'regions.odole', 'land', 'plains', 'cold', 30, 0, 0, '1897.746', 0, NULL, NULL, 'enabled'),
(348, 'regions.kaliskie', 'land', 'plains', 'cold', 39, 0, 0, '1897.677', 0, NULL, NULL, 'enabled'),
(350, 'regions.baden', 'land', 'hills', 'moderate', 33, 0, 1, '1349.951', 0, NULL, NULL, 'enabled'),
(353, 'regions.ulm', 'land', 'hills', 'moderate', 33, 0, 0, '1465.1021', 0, NULL, NULL, 'enabled'),
(354, 'regions.schwaben', 'land', 'mountains', 'moderate', 4, 0, 1, '1424.1096', 0, NULL, NULL, 'enabled'),
(356, 'regions.oberbayern', 'land', 'mountains', 'cold', 33, 0, 0, '1565.1040', 0, NULL, NULL, 'enabled'),
(359, 'regions.wien', 'land', 'hills', 'moderate', 33, 1, 0, '1750.1070', 0, NULL, NULL, 'enabled'),
(360, 'regions.steiermark', 'land', 'hills', 'moderate', 33, 0, 0, '1712.1157', 0, NULL, NULL, 'enabled'),
(361, 'regions.varazdin', 'land', 'hills', 'moderate', 4, 0, 1, '1805.1211', 0, NULL, NULL, 'enabled'),
(362, 'regions.sopron', 'land', 'plains', 'moderate', 33, 0, 0, '1820.1094', 0, NULL, NULL, 'enabled'),
(365, 'regions.backa', 'land', 'plains', 'moderate', 35, 0, 0, '1967.1222', 0, NULL, NULL, 'enabled'),
(367, 'regions.krain', 'land', 'hills', 'moderate', 4, 0, 0, '1672.1253', 0, NULL, NULL, 'enabled'),
(370, 'regions.istria', 'land', 'plains', 'moderate', 4, 0, 0, '1726.1307', 0, NULL, NULL, 'enabled'),
(371, 'regions.zagreb', 'land', 'hills', 'cold', 35, 0, 0, '1790.1280', 0, NULL, NULL, 'enabled'),
(373, 'regions.zadar', 'land', 'plains', 'moderate', 4, 0, 0, '1797.1423', 0, NULL, NULL, 'enabled'),
(374, 'regions.split', 'land', 'plains', 'moderate', 35, 0, 0, '1886.1467', 0, NULL, NULL, 'enabled'),
(375, 'regions.dubrovnik', 'land', 'hills', 'moderate', 35, 0, 0, '1978.1488', 0, NULL, NULL, 'enabled'),
(377, 'regions.rashka-zeta', 'land', 'mountains', 'moderate', 35, 0, 0, '2079.1479', 0, NULL, NULL, 'enabled'),
(383, 'regions.leiningen', 'land', 'hills', 'moderate', 25, 0, 1, '1387.885', 0, NULL, 1520426225, 'enabled'),
(386, 'regions.ansbach', 'land', 'hills', 'cold', 33, 0, 0, '1519.879', 0, NULL, NULL, 'enabled'),
(388, 'regions.plzen', 'land', 'mountains', 'moderate', 17, 0, 0, '1630.931', 0, NULL, NULL, 'enabled'),
(389, 'regions.niederbayern', 'land', 'hills', 'moderate', 33, 0, 0, '1613.995', 0, NULL, NULL, 'enabled'),
(391, 'regions.passau', 'land', 'hills', 'moderate', 33, 0, 0, '1681.992', 0, NULL, NULL, 'enabled'),
(392, 'regions.ostrava', 'land', 'hills', 'moderate', 17, 0, 1, '1866.931', 0, NULL, NULL, 'enabled'),
(393, 'regions.dressburg', 'land', 'plains', 'hot', 33, 0, 0, '1840.1034', 0, NULL, NULL, 'enabled'),
(395, 'regions.nitra', 'land', 'plains', 'hot', 31, 0, 0, '1935.1017', 0, NULL, NULL, 'enabled'),
(398, 'regions.saris', 'land', 'mountains', 'cold', 31, 0, 0, '2117.931', 0, NULL, NULL, 'enabled'),
(400, 'regions.abauj', 'land', 'hills', 'moderate', 31, 0, 0, '2147.1006', 0, NULL, NULL, 'enabled'),
(405, 'regions.crisana', 'land', 'hills', 'hot', 24, 0, 0, '2080.1160', 0, NULL, NULL, 'enabled'),
(406, 'regions.pest', 'land', 'plains', 'hot', 31, 1, 0, '2030.1085', 0, NULL, NULL, 'enabled'),
(407, 'regions.orava', 'land', 'mountains', 'cold', 31, 0, 0, '2022.926', 0, NULL, NULL, 'enabled'),
(408, 'regions.galich', 'land', 'mountains', 'moderate', 40, 0, 0, '2237.900', 0, NULL, NULL, 'enabled'),
(409, 'regions.kiev', 'land', 'plains', 'moderate', 40, 1, 0, '2303.873', 0, NULL, NULL, 'enabled'),
(411, 'regions.korsun', 'land', 'plains', 'moderate', 40, 0, 1, '2404.996', 0, NULL, NULL, 'enabled'),
(413, 'regions.lower-dniepr', 'land', 'plains', 'moderate', 40, 0, 1, '2651.1095', 0, NULL, NULL, 'enabled'),
(415, 'regions.theodosia', 'land', 'plains', 'moderate', 40, 0, 0, '2707.1200', 0, NULL, NULL, 'enabled'),
(417, 'regions.yalta', 'land', 'hills', 'moderate', 40, 0, 0, '2686.1226', 0, NULL, NULL, 'enabled'),
(418, 'regions.torki', 'land', 'plains', 'cold', 40, 0, 0, '2322.1016', 0, NULL, NULL, 'enabled'),
(420, 'regions.olvia', 'land', 'plains', 'moderate', 40, 0, 0, '2490.1113', 0, NULL, NULL, 'enabled'),
(422, 'regions.moldova', 'land', 'plains', 'moderate', 24, 0, 0, '2331.1178', 0, NULL, NULL, 'enabled'),
(424, 'regions.banat', 'land', 'hills', 'cold', 24, 0, 0, '2120.1252', 0, NULL, NULL, 'enabled'),
(425, 'regions.transilvania', 'land', 'plains', 'moderate', 24, 0, 0, '2204.1215', 0, NULL, NULL, 'enabled'),
(428, 'regions.targoviste', 'land', 'plains', 'moderate', 24, 1, 0, '2265.1330', 0, NULL, NULL, 'enabled'),
(430, 'regions.dobrogea', 'land', 'plains', 'moderate', 24, 0, 0, '2402.1292', 0, NULL, NULL, 'enabled'),
(432, 'regions.tarnovo', 'land', 'mountains', 'moderate', 46, 1, 0, '2318.1400', 0, NULL, NULL, 'enabled'),
(433, 'regions.karvuna', 'land', 'plains', 'moderate', 46, 0, 0, '2393.1432', 0, NULL, NULL, 'enabled'),
(435, 'regions.plovdiv', 'land', 'plains', 'moderate', 46, 0, 0, '2286.1549', 0, NULL, NULL, 'enabled'),
(436, 'regions.odrin', 'land', 'plains', 'moderate', 46, 0, 0, '2360.1526', 0, NULL, NULL, 'enabled'),
(439, 'regions.konstantinoupolis', 'land', 'plains', 'moderate', 29, 1, 0, '2465.1515', 0, NULL, NULL, 'enabled'),
(440, 'regions.beograd', 'land', 'plains', 'moderate', 35, 1, 0, '2030.1330', 0, NULL, NULL, 'enabled'),
(443, 'regions.nis', 'land', 'mountains', 'moderate', 35, 0, 0, '2135.1467', 0, NULL, NULL, 'enabled'),
(444, 'regions.bdin', 'land', 'mountains', 'moderate', 46, 0, 0, '2200.1481', 0, NULL, NULL, 'enabled'),
(448, 'regions.solun', 'land', 'plains', 'hot', 46, 0, 0, '2190.1633', 0, NULL, 1473434288, 'enabled'),
(449, 'regions.durazzo', 'land', 'plains', 'moderate', 23, 1, 0, '2055.1600', 0, NULL, NULL, 'enabled'),
(450, 'regions.epeiros', 'land', 'hills', 'moderate', 29, 0, 1, '2120.1682', 0, NULL, NULL, 'enabled'),
(454, 'regions.hellas', 'land', 'hills', 'hot', 29, 0, 0, '2195.1788', 0, NULL, NULL, 'enabled'),
(455, 'regions.athena', 'land', 'hills', 'moderate', 29, 0, 0, '2270.1810', 0, NULL, NULL, 'enabled'),
(456, 'regions.naxos', 'land', 'plains', 'moderate', 46, 0, 1, '2397.1853', 1, NULL, NULL, 'enabled'),
(457, 'regions.achaea', 'land', 'plains', 'moderate', 29, 0, 0, '2198.1852', 0, NULL, NULL, 'enabled'),
(461, 'regions.rhodos', 'land', 'plains', 'hot', 10, 0, 0, '2508.1881', 0, NULL, NULL, 'enabled'),
(463, 'regions.chadax', 'land', 'hills', 'hot', 10, 0, 0, '2432.2043', 1, NULL, 1436213522, 'enabled'),
(464, 'regions.cyprus', 'land', 'hills', 'hot', 29, 0, 0, '2782.1896', 1, NULL, NULL, 'enabled'),
(466, 'regions.mare-adriatico-nord', 'sea', 'water', 'moderate', 37, 0, 0, '1645.1375', 0, NULL, NULL, 'enabled'),
(467, 'regions.mare-adriatico-centro', 'sea', 'water', 'moderate', 37, 0, 0, '1835.1532', 0, NULL, NULL, 'enabled'),
(468, 'regions.mare-adriatico-sud', 'sea', 'water', 'moderate', 37, 0, 0, '2012.1685', 0, NULL, NULL, 'enabled'),
(469, 'regions.mar-ionio', 'sea', 'water', 'moderate', 37, 0, 0, '1885.1880', 0, NULL, NULL, 'enabled'),
(470, 'regions.mar-ionio-est', 'sea', 'water', 'moderate', 37, 0, 0, '2082.1903', 0, NULL, NULL, 'enabled'),
(471, 'regions.mar-egeo', 'sea', 'water', 'moderate', 37, 0, 0, '2597.1887', 0, NULL, NULL, 'enabled'),
(472, 'regions.mar-egeo-nord-ovest', 'sea', 'water', 'moderate', 37, 0, 0, '2342.1730', 0, NULL, NULL, 'enabled'),
(473, 'regions.mar-egeo-ovest', 'sea', 'water', 'moderate', 37, 0, 0, '2334.1926', 0, NULL, NULL, 'enabled'),
(474, 'regions.mar-egeo-sud', 'sea', 'water', 'moderate', 37, 0, 0, '2628.2011', 0, NULL, NULL, 'enabled'),
(475, 'regions.mar-egeo-est', 'sea', 'water', 'moderate', 37, 0, 0, '2843.1924', 0, NULL, NULL, 'enabled'),
(476, 'regions.mar-mediterraneo-orientale', 'sea', 'water', 'hot', 37, 0, 0, '2578.2166', 0, NULL, NULL, 'enabled'),
(477, 'regions.mar-meditetrraneo-orientale-nord-ovest', 'sea', 'water', 'hot', 37, 0, 0, '2345.2070', 0, NULL, NULL, 'enabled'),
(478, 'regions.mar-mediterraneo-orientale-ovest', 'sea', 'water', 'hot', 37, 0, 0, '2309.2170', 0, NULL, NULL, 'enabled'),
(479, 'regions.mar-mediterraneo-orientale-est', 'sea', 'water', 'hot', 37, 0, 0, '2778.2101', 0, NULL, NULL, 'enabled'),
(480, 'regions.mar-mediterraneo-centrale', 'sea', 'water', 'moderate', 37, 0, 0, '1618.2116', 0, NULL, NULL, 'enabled'),
(481, 'regions.mar-mediterraneo-centrale-est', 'sea', 'water', 'moderate', 37, 0, 0, '1998.2084', 0, NULL, NULL, 'enabled'),
(482, 'regions.mar-mediterraneo-centrale-nord', 'sea', 'water', 'moderate', 37, 0, 0, '1648.1885', 0, NULL, NULL, 'enabled'),
(483, 'regions.mar-mediterraneo-centrale-ovest', 'sea', 'water', 'moderate', 37, 0, 0, '1424.1932', 0, NULL, NULL, 'enabled'),
(484, 'regions.mar-tirreno', 'sea', 'water', 'moderate', 37, 0, 0, '1517.1606', 0, NULL, NULL, 'enabled'),
(485, 'regions.mar-tirreno-sud', 'sea', 'water', 'moderate', 37, 0, 0, '1646.1735', 0, NULL, NULL, 'enabled'),
(486, 'regions.mar-tirreno-ovest', 'sea', 'water', 'moderate', 37, 0, 0, '1394.1693', 0, NULL, NULL, 'enabled'),
(487, 'regions.mar-tirreno-nord', 'sea', 'water', 'moderate', 37, 0, 0, '1357.1438', 0, NULL, NULL, 'enabled'),
(488, 'regions.golfo-di-lione-est', 'sea', 'water', 'moderate', 37, 0, 0, '1015.1539', 0, NULL, NULL, 'enabled'),
(489, 'regions.golfo-di-lione-ovest', 'sea', 'water', 'moderate', 37, 0, 0, '1182.1529', 0, NULL, NULL, 'enabled'),
(490, 'regions.mar-mediterraneo-occidentale', 'sea', 'water', 'moderate', 37, 0, 0, '899.1752', 0, NULL, NULL, 'enabled'),
(491, 'regions.mar-mediterraneo-occidentale-nord', 'sea', 'water', 'moderate', 37, 0, 0, '826.1647', 0, NULL, NULL, 'enabled'),
(492, 'regions.mar-mediterraneo-occidentale-est', 'sea', 'water', 'moderate', 37, 0, 0, '1146.1689', 0, NULL, NULL, 'enabled'),
(493, 'regions.mar-mediterraneo-occidentale-sud', 'sea', 'water', 'moderate', 37, 0, 0, '1053.1816', 0, NULL, NULL, 'enabled'),
(494, 'regions.mar-mediterraneo-occidentale-ovest', 'sea', 'water', 'moderate', 37, 0, 0, '596.1900', 0, NULL, NULL, 'enabled'),
(495, 'regions.stretto-di-gibilterra', 'sea', 'water', 'moderate', 37, 0, 0, '253.1938', 0, NULL, NULL, 'enabled'),
(496, 'regions.mar-delle-canarie-nord', 'sea', 'water', 'hot', 37, 0, 0, '157.2132', 0, NULL, NULL, 'enabled'),
(497, 'regions.mar-delle-canarie-sud', 'sea', 'water', 'hot', 37, 0, 0, '80.2306', 0, NULL, NULL, 'enabled'),
(498, 'regions.oceano-atlantico-inferiore-sud', 'sea', 'water', 'cold', 37, 0, 0, '57.2046', 0, NULL, NULL, 'enabled'),
(499, 'regions.oceano-atlantico-inferiore', 'sea', 'water', 'cold', 37, 0, 0, '103.1790', 0, NULL, NULL, 'enabled'),
(500, 'regions.oceano-atlantico-inferiore-nord', 'sea', 'water', 'cold', 37, 0, 0, '73.1497', 0, NULL, NULL, 'enabled'),
(501, 'regions.oceano-atlantico-superiore-sud', 'sea', 'water', 'cold', 37, 0, 0, '35.1113', 0, NULL, NULL, 'enabled'),
(502, 'regions.oceano-atlantico-superiore', 'sea', 'water', 'cold', 37, 0, 0, '83.525', 0, NULL, NULL, 'enabled'),
(503, 'regions.oceano-atlantico-superiore-nord', 'sea', 'water', 'cold', 37, 0, 0, '128.71', 0, NULL, NULL, 'enabled'),
(504, 'regions.mar-caledone-ovest', 'sea', 'water', 'cold', 37, 0, 0, '369.130', 0, NULL, NULL, 'enabled'),
(505, 'regions.mar-caledone', 'sea', 'water', 'cold', 37, 0, 0, '528.120', 0, NULL, NULL, 'enabled'),
(506, 'regions.mar-caledone-est', 'sea', 'water', 'cold', 37, 0, 0, '764.47', 0, NULL, NULL, 'enabled'),
(507, 'regions.mare-nordico-nord-ovest', 'sea', 'water', 'cold', 37, 0, 0, '753.186', 0, NULL, NULL, 'enabled'),
(508, 'regions.mare-nordico-ovest', 'sea', 'water', 'cold', 37, 0, 0, '810.316', 0, NULL, NULL, 'enabled'),
(509, 'regions.mare-nordico-sud-ovest', 'sea', 'water', 'cold', 37, 0, 0, '871.444', 0, NULL, NULL, 'enabled'),
(510, 'regions.mare-nordico-sud-est', 'sea', 'water', 'cold', 37, 0, 0, '1324.500', 0, NULL, NULL, 'enabled'),
(511, 'regions.mare-nordico-est', 'sea', 'water', 'cold', 37, 0, 0, '1375.277', 0, NULL, NULL, 'enabled'),
(512, 'regions.mare-nordico', 'sea', 'water', 'cold', 37, 0, 0, '1079.292', 0, NULL, NULL, 'enabled'),
(513, 'regions.mare-nordico-nord', 'sea', 'water', 'cold', 37, 0, 0, '1045.46', 0, NULL, NULL, 'enabled'),
(514, 'regions.mare-nordico-nord-est', 'sea', 'water', 'cold', 37, 0, 0, '1302.51', 0, NULL, NULL, 'enabled'),
(515, 'regions.canale-inglese-orientale-nord', 'sea', 'water', 'cold', 37, 0, 0, '968.576', 0, NULL, NULL, 'enabled'),
(516, 'regions.canale-inglese-orientale-nord-est', 'sea', 'water', 'cold', 37, 0, 0, '1125.614', 0, NULL, NULL, 'enabled'),
(517, 'regions.canale-inglese-orientale', 'sea', 'water', 'cold', 37, 0, 0, '902.734', 0, NULL, NULL, 'enabled'),
(518, 'regions.canale-inglese-occidentale', 'sea', 'water', 'cold', 37, 0, 0, '758.779', 0, NULL, NULL, 'enabled'),
(519, 'regions.canale-inglese-occidentale-ovest', 'sea', 'water', 'cold', 37, 0, 0, '531.754', 0, NULL, NULL, 'enabled'),
(520, 'regions.canale-inglese-occidentale-sud-ovest', 'sea', 'water', 'cold', 37, 0, 0, '539.905', 0, NULL, NULL, 'enabled'),
(521, 'regions.mare-di-biscaglia-nord', 'sea', 'water', 'cold', 37, 0, 0, '499.1061', 0, NULL, NULL, 'enabled'),
(522, 'regions.mare-di-biscaglia-nord-est', 'sea', 'water', 'cold', 37, 0, 0, '650.1071', 0, NULL, NULL, 'enabled'),
(523, 'regions.mare-di-biscaglia-est', 'sea', 'water', 'cold', 37, 0, 0, '675.1227', 0, NULL, NULL, 'enabled'),
(524, 'regions.mare-di-biscaglia', 'sea', 'water', 'cold', 37, 0, 0, '504.1224', 0, NULL, NULL, 'enabled'),
(525, 'regions.mare-di-biscaglia-ovest', 'sea', 'water', 'cold', 37, 0, 0, '225.1212', 0, NULL, NULL, 'enabled'),
(526, 'regions.mare-baltico-inferiore-ovest', 'sea', 'water', 'cold', 37, 0, 0, '1571.391', 0, NULL, NULL, 'enabled'),
(527, 'regions.mare-baltico-inferiore', 'sea', 'water', 'cold', 37, 0, 0, '1808.407', 0, NULL, NULL, 'enabled'),
(528, 'regions.mare-baltico-inferiore-sud', 'sea', 'water', 'cold', 37, 0, 0, '1817.504', 0, NULL, NULL, 'enabled'),
(529, 'regions.mare-baltico-inferiore-est', 'sea', 'water', 'cold', 37, 0, 0, '1987.309', 0, NULL, NULL, 'enabled'),
(530, 'regions.mare-baltico-superiore', 'sea', 'water', 'cold', 37, 0, 0, '1958.141', 0, NULL, NULL, 'enabled'),
(531, 'regions.mare-baltico-superiore-nord', 'sea', 'water', 'cold', 37, 0, 0, '1915.23', 0, NULL, NULL, 'enabled'),
(532, 'regions.mare-baltico-superiore-est', 'sea', 'water', 'cold', 37, 0, 0, '2231.83', 0, NULL, NULL, 'enabled'),
(533, 'regions.mare-irlandese', 'sea', 'water', 'cold', 37, 0, 0, '284.599', 0, NULL, NULL, 'enabled'),
(534, 'regions.mare-irlandese-nord', 'sea', 'water', 'cold', 37, 0, 0, '348.381', 0, NULL, NULL, 'enabled'),
(535, 'regions.mare-irlandese-nord-est', 'sea', 'water', 'cold', 37, 0, 0, '577.423', 0, NULL, NULL, 'enabled'),
(536, 'regions.mare-irlandese-est', 'sea', 'water', 'cold', 37, 0, 0, '535.612', 0, NULL, NULL, 'enabled'),
(537, 'regions.mare-irlandese-sud', 'sea', 'water', 'cold', 37, 0, 0, '271.900', 0, NULL, NULL, 'enabled'),
(538, 'regions.mar-azov', 'sea', 'water', 'hot', 37, 0, 0, '2768.1120', 0, NULL, NULL, 'enabled'),
(539, 'regions.mar-eusino-nord', 'sea', 'water', 'moderate', 37, 0, 0, '2635.1242', 0, NULL, NULL, 'enabled'),
(540, 'regions.mar-eusino-ovest', 'sea', 'water', 'moderate', 37, 0, 0, '2507.1342', 0, NULL, NULL, 'enabled'),
(541, 'regions.mar-eusino', 'sea', 'water', 'moderate', 37, 0, 0, '2695.1370', 0, NULL, NULL, 'enabled'),
(542, 'regions.mar-eusino-est', 'sea', 'water', 'moderate', 37, 0, 0, '2933.1329', 0, NULL, NULL, 'enabled'),
(543, 'regions.mar-eusino-sud', 'sea', 'water', 'moderate', 37, 0, 0, '2528.1505', 0, NULL, NULL, 'enabled'),
(544, 'regions.ibiza', 'land', 'plains', 'hot', 13, 0, 0, '916.1720', 1, NULL, NULL, 'enabled'),
(545, 'regions.gotland', 'land', 'plains', 'moderate', 34, 0, 0, '1889.317', 1, NULL, NULL, 'enabled'),
(546, 'regions.malta', 'land', 'plains', 'hot', 35, 0, 1, '1629.2074', 1, NULL, NULL, 'enabled'),
(548, 'regions.konigsberg', 'land', 'plains', 'cold', 39, 1, 0, '1974.511', 0, NULL, NULL, 'enabled'),
(549, 'regions.sambia', 'land', 'plains', 'cold', 40, 0, 0, '2018.472', 0, NULL, NULL, 'enabled'),
(551, 'regions.kurs', 'land', 'plains', 'cold', 40, 0, 1, '2052.312', 0, NULL, NULL, 'enabled'),
(553, 'regions.vilnius', 'land', 'plains', 'cold', 40, 0, 0, '2123.390', 0, NULL, NULL, 'enabled'),
(558, 'regions.sudovia', 'land', 'plains', 'cold', 40, 0, 0, '2147.498', 0, NULL, NULL, 'enabled'),
(560, 'regions.polotsk', 'land', 'plains', 'cold', 40, 0, 0, '2268.457', 0, NULL, NULL, 'enabled'),
(562, 'regions.podlasie', 'land', 'plains', 'cold', 40, 0, 0, '2152.602', 0, NULL, NULL, 'enabled'),
(563, 'regions.lublin', 'land', 'plains', 'cold', 40, 0, 0, '2160.686', 0, NULL, NULL, 'enabled'),
(564, 'regions.sandomierskje', 'land', 'plains', 'moderate', 40, 0, 0, '2109.767', 0, NULL, NULL, 'enabled'),
(565, 'regions.berestye', 'land', 'plains', 'cold', 40, 0, 0, '2242.698', 0, NULL, NULL, 'enabled'),
(566, 'regions.volodymyr-volynskyi', 'land', 'plains', 'moderate', 40, 0, 0, '2197.790', 0, NULL, NULL, 'enabled'),
(568, 'regions.turov', 'land', 'plains', 'moderate', 40, 0, 0, '2368.755', 0, NULL, NULL, 'enabled'),
(570, 'regions.chernigov', 'land', 'plains', 'moderate', 40, 0, 1, '2456.825', 0, NULL, NULL, 'enabled'),
(572, 'regions.chortitza', 'land', 'plains', 'moderate', 40, 0, 1, '2652.947', 0, NULL, NULL, 'enabled'),
(575, 'regions.sirte', 'land', 'plains', 'hot', 35, 0, 1, '1865.2305', 0, NULL, 1490094663, 'enabled'),
(576, 'regions.ajdabiya', 'land', 'plains', 'hot', 35, 0, 1, '1950.2305', 0, NULL, NULL, 'enabled'),
(578, 'regions.bengasi', 'land', 'hills', 'moderate', 35, 0, 1, '1960.2180', 0, NULL, NULL, 'enabled'),
(579, 'regions.cyrene', 'land', 'plains', 'hot', 43, 1, 0, '2040.2160', 0, NULL, NULL, 'enabled'),
(583, 'regions.tobruk', 'land', 'plains', 'hot', 35, 0, 1, '2240.2250', 0, NULL, NULL, 'enabled'),
(584, 'regions.matrouh', 'land', 'plains', 'hot', 43, 0, 1, '2325.2255', 0, NULL, NULL, 'enabled'),
(587, 'regions.cairo', 'land', 'plains', 'moderate', 29, 0, 1, '2540.2291', 0, NULL, NULL, 'enabled'),
(589, 'regions.suez', 'land', 'plains', 'hot', 43, 0, 1, '2650.2300', 0, NULL, NULL, 'enabled'),
(590, 'regions.arish', 'land', 'plains', 'hot', 35, 0, 1, '2745.2270', 0, NULL, NULL, 'enabled'),
(591, 'regions.gazza', 'land', 'plains', 'moderate', 35, 0, 1, '2770.2200', 0, NULL, NULL, 'enabled'),
(593, 'regions.edom', 'land', 'mountains', 'hot', 29, 0, 1, '2905.2260', 0, NULL, NULL, 'enabled'),
(594, 'regions.jerusalem', 'land', 'hills', 'hot', 29, 0, 1, '2875.2180', 0, NULL, NULL, 'enabled'),
(596, 'regions.tiberias', 'land', 'hills', 'hot', 29, 0, 1, '2950.2155', 0, NULL, 1421697301, 'enabled'),
(597, 'regions.caesarea', 'land', 'plains', 'moderate', 29, 0, 1, '2890.2100', 0, NULL, NULL, 'enabled'),
(599, 'regions.akra', 'land', 'plains', 'moderate', 29, 0, 1, '2950.2020', 0, NULL, NULL, 'enabled'),
(601, 'regions.tripoli', 'land', 'plains', 'hot', 29, 0, 0, '2954.1886', 0, NULL, NULL, 'enabled'),
(603, 'regions.antakya', 'land', 'plains', 'hot', 44, 0, 0, '2945.1660', 0, NULL, NULL, 'enabled'),
(605, 'regions.amasya', 'land', 'mountains', 'moderate', 44, 0, 0, '2880.1560', 0, NULL, NULL, 'enabled'),
(607, 'regions.kostamonou', 'land', 'plains', 'moderate', 45, 0, 0, '2695.1460', 0, NULL, NULL, 'enabled'),
(608, 'regions.ankara', 'land', 'hills', 'moderate', 44, 0, 0, '2740.1570', 0, NULL, NULL, 'enabled'),
(610, 'regions.konya', 'land', 'plains', 'moderate', 44, 1, 0, '2760.1680', 0, NULL, NULL, 'enabled'),
(611, 'regions.adana', 'land', 'mountains', 'moderate', 44, 0, 0, '2840.1715', 0, NULL, NULL, 'enabled'),
(612, 'regions.tarsus', 'land', 'mountains', 'moderate', 44, 0, 0, '2770.1780', 0, NULL, NULL, 'enabled'),
(618, 'regions.myra', 'land', 'hills', 'hot', 46, 0, 0, '2560.1785', 0, NULL, NULL, 'enabled'),
(619, 'regions.kutahya', 'land', 'mountains', 'moderate', 45, 0, 0, '2580.1680', 0, NULL, NULL, 'enabled'),
(620, 'regions.smyrna', 'land', 'plains', 'hot', 45, 0, 0, '2470.1740', 0, NULL, NULL, 'enabled'),
(622, 'regions.bursa', 'land', 'plains', 'hot', 45, 1, 0, '2505.1630', 0, NULL, NULL, 'enabled');

--
-- Dumping data for table `regions_paths`
--

INSERT INTO `regions_paths` (`id`, `region_id`, `destination`, `type`, `time`) VALUES
(15, 2, 3, 'land', 120),
(16, 2, 482, 'mixed', 60),
(18, 3, 2, 'land', 120),
(19, 3, 482, 'mixed', 60),
(20, 6, 7, 'land', 120),
(21, 6, 469, 'mixed', 60),
(22, 7, 6, 'land', 120),
(25, 7, 469, 'mixed', 60),
(28, 9, 7, 'land', 120),
(33, 9, 13, 'land', 120),
(34, 9, 468, 'mixed', 60),
(36, 9, 469, 'mixed', 60),
(41, 7, 485, 'mixed', 60),
(42, 7, 9, 'land', 120),
(45, 7, 13, 'land', 120),
(46, 7, 14, 'land', 120),
(47, 7, 18, 'land', 120),
(51, 13, 14, 'land', 120),
(52, 13, 467, 'mixed', 60),
(54, 13, 9, 'land', 120),
(55, 13, 7, 'land', 120),
(57, 13, 468, 'mixed', 60),
(61, 14, 467, 'mixed', 60),
(63, 18, 7, 'land', 120),
(66, 18, 485, 'mixed', 60),
(67, 14, 7, 'land', 120),
(68, 14, 13, 'land', 120),
(72, 14, 18, 'land', 120),
(73, 14, 20, 'land', 120),
(80, 18, 14, 'land', 120),
(81, 18, 20, 'land', 120),
(82, 18, 21, 'land', 120),
(83, 18, 23, 'land', 120),
(84, 18, 484, 'mixed', 60),
(85, 20, 14, 'land', 120),
(90, 20, 18, 'land', 120),
(94, 20, 33, 'land', 120),
(95, 20, 466, 'mixed', 60),
(101, 21, 33, 'land', 120),
(102, 21, 18, 'land', 120),
(103, 21, 20, 'land', 120),
(106, 21, 23, 'land', 120),
(107, 21, 26, 'land', 120),
(108, 23, 18, 'land', 120),
(111, 23, 484, 'mixed', 60),
(112, 23, 21, 'land', 120),
(114, 23, 27, 'land', 120),
(115, 23, 26, 'land', 120),
(117, 27, 23, 'land', 120),
(122, 26, 21, 'land', 120),
(123, 26, 23, 'land', 120),
(130, 27, 28, 'land', 120),
(131, 27, 26, 'land', 120),
(132, 27, 487, 'mixed', 60),
(135, 28, 54, 'land', 120),
(136, 28, 37, 'land', 120),
(137, 28, 40, 'land', 120),
(139, 28, 27, 'land', 120),
(141, 28, 26, 'land', 120),
(142, 28, 58, 'land', 120),
(143, 28, 487, 'mixed', 60),
(145, 26, 27, 'land', 120),
(146, 26, 28, 'land', 120),
(148, 26, 33, 'land', 120),
(149, 26, 58, 'land', 120),
(154, 33, 58, 'land', 120),
(161, 33, 20, 'land', 120),
(162, 33, 21, 'land', 120),
(164, 33, 26, 'land', 120),
(166, 33, 32, 'land', 120),
(167, 33, 466, 'mixed', 60),
(168, 34, 487, 'mixed', 60),
(172, 36, 486, 'mixed', 60),
(173, 37, 28, 'land', 120),
(175, 37, 40, 'land', 120),
(181, 44, 40, 'land', 120),
(185, 40, 28, 'land', 120),
(186, 40, 37, 'land', 120),
(189, 40, 487, 'mixed', 60),
(190, 40, 489, 'mixed', 60),
(191, 40, 44, 'land', 120),
(193, 40, 41, 'land', 120),
(194, 40, 43, 'land', 120),
(195, 40, 488, 'mixed', 60),
(196, 41, 40, 'land', 120),
(200, 41, 489, 'mixed', 60),
(201, 41, 488, 'mixed', 60),
(204, 41, 43, 'land', 120),
(205, 41, 105, 'land', 120),
(207, 43, 40, 'land', 120),
(210, 43, 44, 'land', 120),
(211, 43, 88, 'land', 120),
(215, 44, 43, 'land', 120),
(216, 44, 46, 'land', 120),
(217, 44, 37, 'land', 120),
(221, 46, 88, 'land', 120),
(222, 46, 44, 'land', 120),
(224, 46, 47, 'land', 120),
(225, 46, 51, 'land', 120),
(226, 46, 54, 'land', 120),
(227, 46, 37, 'land', 120),
(230, 47, 51, 'land', 120),
(235, 48, 51, 'land', 120),
(236, 48, 64, 'land', 120),
(239, 48, 47, 'land', 120),
(240, 51, 46, 'land', 120),
(241, 51, 47, 'land', 120),
(245, 54, 46, 'land', 120),
(247, 54, 51, 'land', 120),
(251, 51, 54, 'land', 120),
(253, 51, 48, 'land', 120),
(255, 51, 64, 'land', 120),
(258, 64, 54, 'land', 120),
(259, 64, 56, 'land', 120),
(264, 37, 44, 'land', 120),
(265, 37, 46, 'land', 120),
(268, 37, 54, 'land', 120),
(271, 54, 64, 'land', 120),
(275, 54, 28, 'land', 120),
(277, 54, 37, 'land', 120),
(279, 54, 56, 'land', 120),
(280, 54, 58, 'land', 120),
(281, 56, 64, 'land', 120),
(283, 56, 54, 'land', 120),
(289, 56, 58, 'land', 120),
(290, 56, 32, 'land', 120),
(291, 56, 62, 'land', 120),
(292, 56, 66, 'land', 120),
(294, 58, 28, 'land', 120),
(295, 58, 26, 'land', 120),
(297, 58, 54, 'land', 120),
(301, 58, 33, 'land', 120),
(303, 58, 56, 'land', 120),
(305, 58, 32, 'land', 120),
(306, 32, 33, 'land', 120),
(308, 32, 56, 'land', 120),
(309, 32, 58, 'land', 120),
(311, 32, 62, 'land', 120),
(312, 32, 66, 'land', 120),
(313, 32, 466, 'mixed', 60),
(314, 62, 56, 'land', 120),
(319, 62, 66, 'land', 120),
(320, 62, 32, 'land', 120),
(322, 62, 367, 'land', 120),
(323, 62, 466, 'mixed', 60),
(325, 367, 62, 'land', 120),
(326, 367, 66, 'land', 120),
(328, 367, 360, 'land', 120),
(332, 64, 48, 'land', 120),
(333, 64, 51, 'land', 120),
(336, 64, 66, 'land', 120),
(337, 64, 354, 'land', 120),
(340, 66, 56, 'land', 120),
(344, 66, 62, 'land', 120),
(345, 66, 64, 'land', 120),
(347, 66, 367, 'land', 120),
(348, 66, 354, 'land', 120),
(350, 66, 356, 'land', 120),
(351, 66, 360, 'land', 120),
(352, 67, 198, 'land', 120),
(357, 198, 67, 'land', 120),
(360, 198, 69, 'land', 120),
(363, 198, 383, 'land', 120),
(367, 69, 350, 'land', 120),
(368, 69, 354, 'land', 120),
(369, 69, 383, 'land', 120),
(372, 48, 75, 'land', 120),
(373, 48, 69, 'land', 120),
(374, 48, 354, 'land', 120),
(377, 72, 77, 'land', 120),
(379, 72, 79, 'land', 120),
(381, 72, 69, 'land', 120),
(382, 72, 75, 'land', 120),
(384, 72, 198, 'land', 120),
(385, 69, 198, 'land', 120),
(387, 69, 48, 'land', 120),
(388, 69, 72, 'land', 120),
(390, 69, 75, 'land', 120),
(392, 75, 48, 'land', 120),
(396, 75, 78, 'land', 120),
(397, 75, 47, 'land', 120),
(399, 75, 72, 'land', 120),
(400, 75, 69, 'land', 120),
(403, 75, 77, 'land', 120),
(404, 77, 72, 'land', 120),
(411, 77, 75, 'land', 120),
(413, 77, 78, 'land', 120),
(414, 77, 175, 'land', 120),
(415, 77, 79, 'land', 120),
(416, 78, 75, 'land', 120),
(421, 78, 47, 'land', 120),
(425, 79, 175, 'land', 120),
(428, 47, 46, 'land', 120),
(430, 47, 48, 'land', 120),
(431, 47, 75, 'land', 120),
(432, 47, 78, 'land', 120),
(434, 47, 88, 'land', 120),
(438, 81, 522, 'mixed', 60),
(440, 81, 83, 'land', 120),
(441, 81, 94, 'land', 120),
(442, 81, 90, 'land', 120),
(443, 81, 182, 'land', 120),
(444, 81, 171, 'land', 120),
(445, 83, 81, 'land', 120),
(446, 83, 84, 'land', 120),
(448, 83, 90, 'land', 120),
(449, 83, 171, 'land', 120),
(451, 83, 180, 'land', 120),
(452, 84, 83, 'land', 120),
(455, 84, 90, 'land', 120),
(457, 84, 175, 'land', 120),
(458, 84, 180, 'land', 120),
(460, 78, 88, 'land', 120),
(461, 78, 84, 'land', 120),
(463, 78, 77, 'land', 120),
(464, 78, 175, 'land', 120),
(469, 88, 78, 'land', 120),
(471, 84, 78, 'land', 120),
(473, 84, 88, 'land', 120),
(475, 84, 93, 'land', 120),
(476, 84, 96, 'land', 120),
(477, 88, 43, 'land', 120),
(478, 88, 46, 'land', 120),
(479, 88, 47, 'land', 120),
(481, 88, 84, 'land', 120),
(482, 88, 96, 'land', 120),
(484, 94, 81, 'land', 120),
(488, 94, 522, 'mixed', 60),
(489, 94, 523, 'mixed', 60),
(490, 90, 81, 'land', 120),
(495, 90, 94, 'land', 120),
(496, 90, 83, 'land', 120),
(497, 90, 84, 'land', 120),
(500, 90, 93, 'land', 120),
(504, 93, 94, 'land', 120),
(508, 93, 90, 'land', 120),
(513, 94, 90, 'land', 120),
(514, 94, 93, 'land', 120),
(515, 94, 101, 'land', 120),
(517, 94, 106, 'land', 120),
(520, 93, 84, 'land', 120),
(522, 93, 96, 'land', 120),
(524, 93, 101, 'land', 120),
(526, 96, 88, 'land', 120),
(527, 96, 84, 'land', 120),
(531, 43, 41, 'land', 120),
(534, 43, 96, 'land', 120),
(535, 43, 105, 'land', 120),
(536, 96, 105, 'land', 120),
(537, 96, 43, 'land', 120),
(539, 96, 93, 'land', 120),
(540, 96, 101, 'land', 120),
(541, 96, 102, 'land', 120),
(542, 101, 96, 'land', 120),
(551, 106, 101, 'land', 120),
(553, 101, 94, 'land', 120),
(554, 101, 106, 'land', 120),
(555, 101, 102, 'land', 120),
(557, 101, 93, 'land', 120),
(561, 102, 106, 'land', 120),
(565, 102, 111, 'land', 120),
(567, 102, 105, 'land', 120),
(568, 102, 96, 'land', 120),
(569, 102, 101, 'land', 120),
(570, 105, 43, 'land', 120),
(571, 105, 96, 'land', 120),
(575, 105, 41, 'land', 120),
(576, 105, 488, 'mixed', 60),
(578, 105, 102, 'land', 120),
(579, 105, 111, 'land', 120),
(580, 105, 110, 'land', 120),
(581, 105, 489, 'mixed', 60),
(586, 106, 523, 'mixed', 60),
(594, 106, 102, 'land', 120),
(597, 106, 111, 'land', 120),
(600, 111, 110, 'land', 120),
(601, 111, 105, 'land', 120),
(603, 111, 102, 'land', 120),
(605, 110, 105, 'land', 120),
(606, 110, 111, 'land', 120),
(609, 110, 488, 'mixed', 60),
(610, 111, 115, 'land', 120),
(614, 111, 523, 'mixed', 60),
(616, 111, 113, 'land', 120),
(618, 111, 106, 'land', 120),
(626, 113, 123, 'land', 120),
(627, 113, 110, 'land', 120),
(629, 110, 113, 'land', 120),
(631, 110, 123, 'land', 120),
(632, 110, 489, 'mixed', 60),
(633, 115, 111, 'land', 120),
(637, 115, 523, 'mixed', 60),
(639, 113, 111, 'land', 120),
(641, 113, 115, 'land', 120),
(642, 113, 120, 'land', 120),
(646, 115, 132, 'land', 120),
(647, 115, 118, 'land', 120),
(649, 115, 120, 'land', 120),
(650, 115, 113, 'land', 120),
(651, 118, 115, 'land', 120),
(652, 118, 132, 'land', 120),
(659, 120, 118, 'land', 120),
(660, 120, 168, 'land', 120),
(663, 120, 115, 'land', 120),
(665, 120, 124, 'land', 120),
(666, 120, 123, 'land', 120),
(667, 120, 113, 'land', 120),
(669, 124, 120, 'land', 120),
(673, 123, 113, 'land', 120),
(674, 123, 120, 'land', 120),
(679, 123, 110, 'land', 120),
(681, 123, 124, 'land', 120),
(682, 123, 491, 'mixed', 60),
(684, 124, 123, 'land', 120),
(686, 124, 168, 'land', 120),
(687, 124, 491, 'mixed', 60),
(688, 125, 126, 'land', 120),
(692, 126, 125, 'land', 120),
(693, 126, 134, 'land', 120),
(694, 126, 135, 'land', 120),
(700, 126, 132, 'land', 120),
(701, 126, 524, 'mixed', 60),
(705, 132, 524, 'mixed', 60),
(708, 125, 133, 'land', 120),
(710, 125, 134, 'land', 120),
(711, 125, 500, 'mixed', 60),
(712, 125, 525, 'mixed', 60),
(718, 134, 126, 'land', 120),
(719, 135, 126, 'land', 120),
(723, 135, 132, 'land', 120),
(725, 132, 126, 'land', 120),
(726, 132, 135, 'land', 120),
(727, 132, 136, 'land', 120),
(728, 132, 118, 'land', 120),
(729, 132, 115, 'land', 120),
(731, 133, 125, 'land', 120),
(737, 134, 125, 'land', 120),
(739, 134, 133, 'land', 120),
(740, 134, 157, 'land', 120),
(741, 134, 135, 'land', 120),
(744, 135, 134, 'land', 120),
(745, 135, 157, 'land', 120),
(747, 135, 136, 'land', 120),
(748, 136, 132, 'land', 120),
(754, 133, 500, 'mixed', 60),
(756, 133, 140, 'land', 120),
(758, 133, 157, 'land', 120),
(759, 133, 134, 'land', 120),
(760, 157, 135, 'land', 120),
(761, 157, 134, 'land', 120),
(765, 157, 136, 'land', 120),
(767, 136, 135, 'land', 120),
(768, 136, 157, 'land', 120),
(769, 136, 162, 'land', 120),
(770, 136, 163, 'land', 120),
(771, 136, 160, 'land', 120),
(772, 136, 118, 'land', 120),
(774, 140, 133, 'land', 120),
(777, 140, 500, 'mixed', 60),
(779, 140, 143, 'land', 120),
(780, 140, 162, 'land', 120),
(781, 140, 157, 'land', 120),
(783, 143, 140, 'land', 120),
(786, 143, 499, 'mixed', 60),
(788, 143, 145, 'land', 120),
(789, 143, 162, 'land', 120),
(790, 145, 499, 'mixed', 60),
(791, 145, 143, 'land', 120),
(793, 145, 162, 'land', 120),
(796, 145, 160, 'land', 120),
(799, 145, 147, 'land', 120),
(800, 145, 150, 'land', 120),
(801, 147, 499, 'mixed', 60),
(807, 147, 145, 'land', 120),
(811, 147, 150, 'land', 120),
(813, 147, 495, 'mixed', 60),
(814, 147, 151, 'land', 120),
(819, 151, 147, 'land', 120),
(824, 150, 151, 'land', 120),
(827, 151, 150, 'land', 120),
(829, 151, 153, 'land', 120),
(830, 151, 494, 'mixed', 60),
(831, 153, 165, 'land', 120),
(837, 153, 151, 'land', 120),
(838, 153, 150, 'land', 120),
(840, 153, 155, 'land', 120),
(841, 153, 494, 'mixed', 60),
(845, 155, 494, 'mixed', 60),
(848, 155, 153, 'land', 120),
(849, 155, 165, 'land', 120),
(850, 155, 168, 'land', 120),
(851, 155, 491, 'mixed', 60),
(854, 168, 124, 'land', 120),
(855, 168, 120, 'land', 120),
(858, 168, 491, 'mixed', 60),
(860, 157, 133, 'land', 120),
(862, 157, 140, 'land', 120),
(864, 157, 162, 'land', 120),
(870, 162, 136, 'land', 120),
(871, 163, 136, 'land', 120),
(875, 160, 136, 'land', 120),
(881, 160, 168, 'land', 120),
(882, 160, 118, 'land', 120),
(884, 118, 136, 'land', 120),
(885, 118, 160, 'land', 120),
(887, 118, 168, 'land', 120),
(888, 118, 120, 'land', 120),
(890, 162, 157, 'land', 120),
(891, 162, 140, 'land', 120),
(893, 162, 143, 'land', 120),
(894, 162, 145, 'land', 120),
(895, 162, 160, 'land', 120),
(896, 162, 163, 'land', 120),
(900, 163, 165, 'land', 120),
(901, 163, 160, 'land', 120),
(903, 163, 162, 'land', 120),
(904, 160, 163, 'land', 120),
(905, 160, 162, 'land', 120),
(907, 160, 145, 'land', 120),
(908, 160, 150, 'land', 120),
(909, 160, 165, 'land', 120),
(916, 150, 160, 'land', 120),
(917, 150, 145, 'land', 120),
(918, 150, 147, 'land', 120),
(920, 150, 153, 'land', 120),
(921, 150, 165, 'land', 120),
(922, 165, 168, 'land', 120),
(923, 165, 160, 'land', 120),
(925, 165, 150, 'land', 120),
(926, 165, 153, 'land', 120),
(927, 165, 155, 'land', 120),
(928, 168, 118, 'land', 120),
(929, 168, 160, 'land', 120),
(930, 168, 165, 'land', 120),
(931, 168, 155, 'land', 120),
(934, 176, 171, 'land', 120),
(937, 171, 176, 'land', 120),
(940, 171, 520, 'mixed', 60),
(948, 171, 518, 'mixed', 60),
(952, 172, 518, 'mixed', 60),
(954, 173, 172, 'land', 120),
(955, 173, 175, 'land', 120),
(958, 173, 518, 'mixed', 60),
(959, 175, 173, 'land', 120),
(960, 175, 172, 'land', 120),
(964, 175, 197, 'land', 120),
(965, 175, 190, 'land', 120),
(966, 175, 79, 'land', 120),
(968, 175, 180, 'land', 120),
(969, 175, 84, 'land', 120),
(971, 175, 78, 'land', 120),
(972, 175, 77, 'land', 120),
(974, 176, 182, 'land', 120),
(975, 176, 520, 'mixed', 60),
(978, 182, 81, 'land', 120),
(983, 171, 182, 'land', 120),
(984, 171, 81, 'land', 120),
(985, 171, 83, 'land', 120),
(986, 171, 180, 'land', 120),
(987, 171, 172, 'land', 120),
(990, 172, 171, 'land', 120),
(992, 172, 180, 'land', 120),
(993, 172, 175, 'land', 120),
(994, 172, 173, 'land', 120),
(996, 180, 171, 'land', 120),
(1000, 180, 172, 'land', 120),
(1002, 180, 83, 'land', 120),
(1003, 180, 84, 'land', 120),
(1004, 180, 175, 'land', 120),
(1007, 182, 176, 'land', 120),
(1009, 182, 171, 'land', 120),
(1010, 182, 522, 'mixed', 60),
(1012, 173, 190, 'land', 120),
(1013, 173, 186, 'land', 120),
(1014, 173, 517, 'mixed', 60),
(1015, 186, 173, 'land', 120),
(1021, 186, 190, 'land', 120),
(1027, 186, 188, 'land', 120),
(1028, 186, 193, 'land', 120),
(1029, 186, 517, 'mixed', 60),
(1031, 188, 193, 'land', 120),
(1034, 188, 186, 'land', 120),
(1036, 188, 195, 'land', 120),
(1037, 188, 202, 'land', 120),
(1038, 188, 292, 'land', 120),
(1039, 188, 516, 'mixed', 60),
(1041, 195, 188, 'land', 120),
(1046, 195, 292, 'land', 120),
(1049, 190, 173, 'land', 120),
(1050, 190, 175, 'land', 120),
(1054, 190, 186, 'land', 120),
(1057, 190, 197, 'land', 120),
(1059, 190, 193, 'land', 120),
(1060, 193, 188, 'land', 120),
(1061, 193, 186, 'land', 120),
(1067, 193, 190, 'land', 120),
(1068, 193, 197, 'land', 120),
(1069, 193, 79, 'land', 120),
(1070, 193, 198, 'land', 120),
(1071, 193, 196, 'land', 120),
(1072, 193, 195, 'land', 120),
(1073, 197, 193, 'land', 120),
(1077, 195, 202, 'land', 120),
(1079, 195, 193, 'land', 120),
(1080, 195, 196, 'land', 120),
(1082, 196, 195, 'land', 120),
(1083, 196, 193, 'land', 120),
(1084, 196, 198, 'land', 120),
(1089, 197, 190, 'land', 120),
(1090, 197, 175, 'land', 120),
(1092, 197, 79, 'land', 120),
(1094, 198, 196, 'land', 120),
(1095, 198, 193, 'land', 120),
(1096, 198, 79, 'land', 120),
(1098, 198, 72, 'land', 120),
(1100, 198, 199, 'land', 120),
(1104, 199, 198, 'land', 120),
(1107, 196, 202, 'land', 120),
(1111, 196, 199, 'land', 120),
(1115, 202, 199, 'land', 120),
(1118, 202, 292, 'land', 120),
(1119, 202, 188, 'land', 120),
(1122, 202, 196, 'land', 120),
(1124, 292, 188, 'land', 120),
(1125, 292, 195, 'land', 120),
(1130, 79, 193, 'land', 120),
(1132, 79, 197, 'land', 120),
(1134, 79, 77, 'land', 120),
(1135, 79, 72, 'land', 120),
(1136, 79, 198, 'land', 120),
(1144, 206, 519, 'mixed', 60),
(1147, 205, 206, 'land', 120),
(1148, 205, 519, 'mixed', 60),
(1149, 205, 536, 'mixed', 60),
(1151, 214, 206, 'land', 120),
(1155, 214, 518, 'mixed', 60),
(1156, 206, 205, 'land', 120),
(1158, 206, 214, 'land', 120),
(1159, 206, 216, 'land', 120),
(1160, 206, 536, 'mixed', 60),
(1165, 210, 518, 'mixed', 60),
(1167, 210, 214, 'land', 120),
(1169, 210, 212, 'land', 120),
(1170, 210, 517, 'mixed', 60),
(1173, 212, 517, 'mixed', 60),
(1175, 212, 214, 'land', 120),
(1177, 212, 210, 'land', 120),
(1179, 212, 225, 'land', 120),
(1181, 214, 216, 'land', 120),
(1184, 214, 210, 'land', 120),
(1185, 214, 212, 'land', 120),
(1188, 216, 206, 'land', 120),
(1192, 216, 536, 'mixed', 60),
(1194, 216, 224, 'land', 120),
(1196, 216, 214, 'land', 120),
(1197, 216, 225, 'land', 120),
(1198, 216, 221, 'land', 120),
(1203, 225, 515, 'mixed', 60),
(1209, 218, 229, 'land', 120),
(1210, 218, 221, 'land', 120),
(1212, 218, 225, 'land', 120),
(1213, 218, 515, 'mixed', 60),
(1216, 229, 221, 'land', 120),
(1218, 229, 218, 'land', 120),
(1225, 221, 225, 'land', 120),
(1227, 221, 218, 'land', 120),
(1228, 221, 229, 'land', 120),
(1231, 221, 223, 'land', 120),
(1232, 221, 224, 'land', 120),
(1233, 221, 216, 'land', 120),
(1235, 221, 227, 'land', 120),
(1237, 223, 232, 'land', 120),
(1239, 223, 224, 'land', 120),
(1243, 224, 232, 'land', 120),
(1244, 224, 234, 'land', 120),
(1247, 225, 221, 'land', 120),
(1248, 225, 216, 'land', 120),
(1249, 225, 214, 'land', 120),
(1250, 225, 212, 'land', 120),
(1252, 225, 218, 'land', 120),
(1258, 227, 228, 'land', 120),
(1259, 227, 223, 'land', 120),
(1261, 227, 221, 'land', 120),
(1263, 227, 229, 'land', 120),
(1267, 228, 230, 'land', 120),
(1268, 228, 223, 'land', 120),
(1269, 228, 227, 'land', 120),
(1272, 229, 228, 'land', 120),
(1274, 229, 227, 'land', 120),
(1276, 229, 509, 'mixed', 60),
(1281, 230, 538, 'mixed', 60),
(1282, 230, 537, 'mixed', 60),
(1284, 230, 232, 'land', 120),
(1286, 230, 223, 'land', 120),
(1287, 230, 228, 'land', 120),
(1291, 232, 234, 'land', 120),
(1292, 232, 224, 'land', 120),
(1293, 232, 223, 'land', 120),
(1298, 234, 224, 'land', 120),
(1300, 234, 232, 'land', 120),
(1302, 234, 536, 'mixed', 60),
(1305, 232, 230, 'land', 120),
(1306, 232, 536, 'mixed', 60),
(1308, 224, 223, 'land', 120),
(1311, 224, 216, 'land', 120),
(1312, 224, 221, 'land', 120),
(1313, 224, 536, 'mixed', 60),
(1314, 223, 228, 'land', 120),
(1316, 223, 230, 'land', 120),
(1318, 223, 221, 'land', 120),
(1319, 223, 227, 'land', 120),
(1324, 241, 535, 'mixed', 60),
(1326, 228, 241, 'land', 120),
(1328, 228, 229, 'land', 120),
(1329, 228, 509, 'mixed', 60),
(1333, 240, 535, 'mixed', 60),
(1335, 241, 240, 'land', 120),
(1337, 241, 228, 'land', 120),
(1338, 241, 508, 'mixed', 60),
(1339, 241, 509, 'mixed', 60),
(1340, 240, 256, 'land', 120),
(1343, 240, 241, 'land', 120),
(1344, 240, 508, 'mixed', 60),
(1351, 244, 240, 'land', 120),
(1352, 244, 256, 'land', 120),
(1353, 244, 255, 'land', 120),
(1354, 244, 535, 'mixed', 60),
(1355, 255, 248, 'land', 120),
(1359, 255, 505, 'mixed', 60),
(1360, 255, 535, 'mixed', 60),
(1365, 246, 255, 'land', 120),
(1366, 246, 256, 'land', 120),
(1367, 246, 508, 'mixed', 60),
(1374, 248, 255, 'land', 120),
(1376, 248, 246, 'land', 120),
(1378, 248, 506, 'mixed', 60),
(1379, 249, 246, 'land', 120),
(1381, 249, 507, 'mixed', 60),
(1382, 246, 248, 'land', 120),
(1385, 246, 249, 'land', 120),
(1386, 246, 507, 'mixed', 60),
(1387, 248, 252, 'land', 120),
(1389, 248, 505, 'mixed', 60),
(1392, 252, 248, 'land', 120),
(1394, 252, 506, 'mixed', 60),
(1395, 256, 246, 'land', 120),
(1398, 256, 507, 'mixed', 60),
(1401, 252, 505, 'mixed', 60),
(1403, 255, 244, 'land', 120),
(1404, 255, 246, 'land', 120),
(1406, 255, 256, 'land', 120),
(1407, 255, 537, 'mixed', 60),
(1409, 256, 255, 'land', 120),
(1411, 256, 244, 'land', 120),
(1412, 256, 240, 'land', 120),
(1413, 256, 508, 'mixed', 60),
(1417, 257, 533, 'mixed', 60),
(1419, 257, 263, 'land', 120),
(1421, 257, 536, 'mixed', 60),
(1422, 263, 533, 'mixed', 60),
(1423, 263, 261, 'land', 120),
(1430, 263, 536, 'mixed', 60),
(1433, 261, 263, 'land', 120),
(1435, 264, 267, 'land', 120),
(1437, 264, 261, 'land', 120),
(1445, 263, 257, 'land', 120),
(1447, 263, 264, 'land', 120),
(1449, 264, 265, 'land', 120),
(1452, 264, 263, 'land', 120),
(1453, 264, 535, 'mixed', 60),
(1456, 265, 535, 'mixed', 60),
(1458, 265, 267, 'land', 120),
(1460, 265, 264, 'land', 120),
(1462, 265, 537, 'mixed', 60),
(1466, 267, 535, 'mixed', 60),
(1467, 261, 267, 'land', 120),
(1468, 261, 264, 'land', 120),
(1470, 261, 534, 'mixed', 60),
(1472, 267, 265, 'land', 120),
(1473, 267, 264, 'land', 120),
(1474, 267, 261, 'land', 120),
(1475, 267, 534, 'mixed', 60),
(1476, 270, 285, 'land', 120),
(1477, 270, 271, 'land', 120),
(1481, 271, 270, 'land', 120),
(1488, 272, 271, 'land', 120),
(1493, 272, 270, 'land', 120),
(1499, 272, 301, 'land', 120),
(1502, 272, 278, 'land', 120),
(1503, 272, 304, 'land', 120),
(1508, 278, 386, 'land', 120),
(1509, 278, 305, 'land', 120),
(1510, 278, 304, 'land', 120),
(1511, 305, 278, 'land', 120),
(1512, 305, 386, 'land', 120),
(1513, 305, 388, 'land', 120),
(1519, 277, 386, 'land', 120),
(1523, 278, 271, 'land', 120),
(1525, 278, 277, 'land', 120),
(1527, 278, 272, 'land', 120),
(1529, 67, 199, 'land', 120),
(1531, 67, 383, 'land', 120),
(1532, 67, 386, 'land', 120),
(1533, 67, 277, 'land', 120),
(1538, 199, 67, 'land', 120),
(1540, 277, 283, 'land', 120),
(1542, 277, 199, 'land', 120),
(1543, 277, 67, 'land', 120),
(1545, 277, 278, 'land', 120),
(1546, 277, 271, 'land', 120),
(1548, 199, 277, 'land', 120),
(1550, 199, 283, 'land', 120),
(1551, 199, 292, 'land', 120),
(1552, 199, 202, 'land', 120),
(1553, 199, 196, 'land', 120),
(1557, 283, 277, 'land', 120),
(1558, 283, 271, 'land', 120),
(1559, 283, 285, 'land', 120),
(1560, 271, 283, 'land', 120),
(1561, 271, 277, 'land', 120),
(1562, 271, 278, 'land', 120),
(1563, 271, 272, 'land', 120),
(1565, 271, 285, 'land', 120),
(1569, 285, 270, 'land', 120),
(1570, 285, 510, 'mixed', 60),
(1572, 285, 287, 'land', 120),
(1573, 285, 283, 'land', 120),
(1575, 285, 271, 'land', 120),
(1580, 287, 285, 'land', 120),
(1581, 287, 510, 'mixed', 60),
(1582, 287, 283, 'land', 120),
(1584, 287, 516, 'mixed', 60),
(1585, 283, 292, 'land', 120),
(1586, 283, 199, 'land', 120),
(1589, 283, 287, 'land', 120),
(1590, 283, 516, 'mixed', 60),
(1595, 290, 292, 'land', 120),
(1596, 290, 516, 'mixed', 60),
(1597, 292, 290, 'land', 120),
(1600, 292, 202, 'land', 120),
(1601, 292, 199, 'land', 120),
(1602, 292, 283, 'land', 120),
(1603, 292, 516, 'mixed', 60),
(1609, 293, 511, 'mixed', 60),
(1612, 295, 526, 'mixed', 60),
(1613, 296, 526, 'mixed', 60),
(1615, 293, 270, 'land', 120),
(1616, 293, 301, 'land', 120),
(1617, 293, 510, 'mixed', 60),
(1618, 293, 526, 'mixed', 60),
(1620, 270, 272, 'land', 120),
(1622, 270, 301, 'land', 120),
(1623, 270, 293, 'land', 120),
(1624, 270, 510, 'mixed', 60),
(1625, 301, 293, 'land', 120),
(1630, 301, 270, 'land', 120),
(1631, 301, 272, 'land', 120),
(1637, 301, 304, 'land', 120),
(1638, 301, 526, 'mixed', 60),
(1644, 304, 526, 'mixed', 60),
(1646, 303, 304, 'land', 120),
(1647, 303, 336, 'land', 120),
(1648, 303, 526, 'mixed', 60),
(1650, 304, 301, 'land', 120),
(1651, 304, 272, 'land', 120),
(1652, 304, 278, 'land', 120),
(1654, 304, 305, 'land', 120),
(1655, 304, 339, 'land', 120),
(1656, 304, 336, 'land', 120),
(1657, 304, 303, 'land', 120),
(1658, 305, 304, 'land', 120),
(1660, 305, 312, 'land', 120),
(1662, 305, 313, 'land', 120),
(1663, 305, 339, 'land', 120),
(1664, 313, 339, 'land', 120),
(1668, 313, 347, 'land', 120),
(1669, 313, 348, 'land', 120),
(1670, 308, 347, 'land', 120),
(1675, 308, 343, 'land', 120),
(1677, 308, 313, 'land', 120),
(1679, 308, 392, 'land', 120),
(1680, 308, 407, 'land', 120),
(1681, 392, 313, 'land', 120),
(1682, 392, 312, 'land', 120),
(1683, 392, 388, 'land', 120),
(1691, 388, 392, 'land', 120),
(1698, 312, 305, 'land', 120),
(1700, 312, 388, 'land', 120),
(1701, 312, 392, 'land', 120),
(1702, 312, 313, 'land', 120),
(1703, 313, 305, 'land', 120),
(1705, 313, 312, 'land', 120),
(1706, 313, 392, 'land', 120),
(1708, 313, 308, 'land', 120),
(1713, 314, 315, 'land', 120),
(1714, 314, 514, 'mixed', 60),
(1719, 315, 316, 'land', 120),
(1720, 316, 315, 'land', 120),
(1723, 316, 321, 'land', 120),
(1725, 316, 317, 'land', 120),
(1735, 319, 530, 'mixed', 60),
(1736, 319, 531, 'mixed', 60),
(1737, 319, 317, 'land', 120),
(1738, 317, 319, 'land', 120),
(1740, 317, 316, 'land', 120),
(1742, 317, 321, 'land', 120),
(1743, 317, 530, 'mixed', 60),
(1746, 321, 323, 'land', 120),
(1747, 321, 527, 'mixed', 60),
(1748, 321, 530, 'mixed', 60),
(1749, 323, 321, 'land', 120),
(1755, 323, 327, 'land', 120),
(1756, 323, 326, 'land', 120),
(1757, 323, 527, 'mixed', 60),
(1760, 326, 323, 'land', 120),
(1761, 326, 527, 'mixed', 60),
(1769, 326, 327, 'land', 120),
(1771, 326, 526, 'mixed', 60),
(1772, 327, 328, 'land', 120),
(1773, 327, 326, 'land', 120),
(1775, 327, 323, 'land', 120),
(1776, 327, 321, 'land', 120),
(1777, 327, 526, 'mixed', 60),
(1780, 328, 327, 'land', 120),
(1783, 316, 328, 'land', 120),
(1786, 328, 315, 'land', 120),
(1788, 328, 316, 'land', 120),
(1790, 328, 511, 'mixed', 60),
(1791, 315, 334, 'land', 120),
(1792, 315, 314, 'land', 120),
(1794, 315, 328, 'land', 120),
(1795, 315, 511, 'mixed', 60),
(1801, 314, 334, 'land', 120),
(1802, 314, 511, 'mixed', 60),
(1805, 334, 314, 'land', 120),
(1806, 334, 315, 'land', 120),
(1807, 334, 511, 'mixed', 60),
(1808, 321, 317, 'land', 120),
(1809, 321, 316, 'land', 120),
(1810, 321, 327, 'land', 120),
(1812, 336, 303, 'land', 120),
(1813, 336, 304, 'land', 120),
(1818, 336, 339, 'land', 120),
(1819, 336, 341, 'land', 120),
(1820, 336, 338, 'land', 120),
(1821, 336, 528, 'mixed', 60),
(1822, 338, 336, 'land', 120),
(1824, 338, 528, 'mixed', 60),
(1825, 339, 304, 'land', 120),
(1826, 339, 305, 'land', 120),
(1827, 339, 313, 'land', 120),
(1828, 339, 348, 'land', 120),
(1829, 339, 341, 'land', 120),
(1831, 339, 336, 'land', 120),
(1832, 341, 336, 'land', 120),
(1833, 341, 339, 'land', 120),
(1839, 341, 348, 'land', 120),
(1840, 341, 564, 'land', 120),
(1841, 564, 341, 'land', 120),
(1842, 564, 348, 'land', 120),
(1843, 564, 347, 'land', 120),
(1846, 343, 347, 'land', 120),
(1847, 343, 308, 'land', 120),
(1848, 343, 407, 'land', 120),
(1849, 343, 398, 'land', 120),
(1851, 407, 308, 'land', 120),
(1852, 407, 392, 'land', 120),
(1856, 407, 343, 'land', 120),
(1857, 398, 343, 'land', 120),
(1866, 347, 348, 'land', 120),
(1867, 347, 313, 'land', 120),
(1868, 347, 308, 'land', 120),
(1869, 347, 564, 'land', 120),
(1870, 347, 343, 'land', 120),
(1874, 348, 564, 'land', 120),
(1876, 348, 339, 'land', 120),
(1877, 348, 313, 'land', 120),
(1878, 348, 347, 'land', 120),
(1880, 348, 341, 'land', 120),
(1881, 350, 69, 'land', 120),
(1882, 350, 354, 'land', 120),
(1886, 354, 69, 'land', 120),
(1887, 354, 48, 'land', 120),
(1890, 354, 350, 'land', 120),
(1897, 353, 354, 'land', 120),
(1898, 353, 356, 'land', 120),
(1899, 353, 389, 'land', 120),
(1900, 353, 350, 'land', 120),
(1901, 354, 64, 'land', 120),
(1902, 354, 66, 'land', 120),
(1903, 354, 356, 'land', 120),
(1905, 354, 353, 'land', 120),
(1907, 356, 353, 'land', 120),
(1908, 356, 354, 'land', 120),
(1914, 356, 66, 'land', 120),
(1915, 356, 360, 'land', 120),
(1916, 356, 359, 'land', 120),
(1917, 356, 389, 'land', 120),
(1918, 360, 66, 'land', 120),
(1922, 360, 356, 'land', 120),
(1923, 359, 389, 'land', 120),
(1924, 359, 356, 'land', 120),
(1931, 359, 362, 'land', 120),
(1932, 359, 393, 'land', 120),
(1933, 359, 391, 'land', 120),
(1935, 359, 360, 'land', 120),
(1936, 360, 367, 'land', 120),
(1938, 360, 361, 'land', 120),
(1939, 360, 362, 'land', 120),
(1941, 360, 359, 'land', 120),
(1945, 361, 440, 'land', 120),
(1946, 361, 365, 'land', 120),
(1947, 361, 362, 'land', 120),
(1951, 362, 393, 'land', 120),
(1955, 406, 365, 'land', 120),
(1960, 406, 362, 'land', 120),
(1964, 365, 362, 'land', 120),
(1965, 365, 361, 'land', 120),
(1966, 365, 440, 'land', 120),
(1967, 365, 424, 'land', 120),
(1968, 365, 405, 'land', 120),
(1969, 365, 406, 'land', 120),
(1971, 362, 361, 'land', 120),
(1972, 362, 365, 'land', 120),
(1973, 362, 406, 'land', 120),
(1975, 362, 359, 'land', 120),
(1976, 362, 360, 'land', 120),
(1979, 367, 370, 'land', 120),
(1980, 367, 361, 'land', 120),
(1981, 367, 466, 'mixed', 60),
(1983, 361, 367, 'land', 120),
(1984, 361, 370, 'land', 120),
(1985, 361, 371, 'land', 120),
(1987, 361, 360, 'land', 120),
(1991, 370, 373, 'land', 120),
(1992, 370, 371, 'land', 120),
(1993, 370, 361, 'land', 120),
(1994, 370, 367, 'land', 120),
(1996, 370, 466, 'mixed', 60),
(2001, 371, 361, 'land', 120),
(2002, 371, 370, 'land', 120),
(2006, 373, 371, 'land', 120),
(2007, 373, 370, 'land', 120),
(2008, 373, 466, 'mixed', 60),
(2010, 373, 374, 'land', 120),
(2012, 373, 467, 'mixed', 60),
(2016, 374, 467, 'mixed', 60),
(2022, 375, 467, 'mixed', 60),
(2027, 377, 467, 'mixed', 60),
(2029, 377, 449, 'land', 120),
(2031, 377, 443, 'land', 120),
(2033, 377, 375, 'land', 120),
(2035, 375, 377, 'land', 120),
(2036, 375, 443, 'land', 120),
(2038, 375, 440, 'land', 120),
(2039, 375, 374, 'land', 120),
(2042, 374, 375, 'land', 120),
(2043, 374, 440, 'land', 120),
(2044, 374, 371, 'land', 120),
(2046, 374, 373, 'land', 120),
(2051, 440, 374, 'land', 120),
(2052, 371, 374, 'land', 120),
(2054, 371, 440, 'land', 120),
(2056, 371, 373, 'land', 120),
(2062, 440, 365, 'land', 120),
(2063, 440, 361, 'land', 120),
(2064, 440, 371, 'land', 120),
(2066, 383, 386, 'land', 120),
(2068, 383, 67, 'land', 120),
(2069, 383, 198, 'land', 120),
(2070, 383, 69, 'land', 120),
(2071, 383, 350, 'land', 120),
(2075, 386, 277, 'land', 120),
(2076, 386, 67, 'land', 120),
(2077, 386, 383, 'land', 120),
(2079, 350, 353, 'land', 120),
(2080, 350, 389, 'land', 120),
(2082, 350, 386, 'land', 120),
(2083, 350, 383, 'land', 120),
(2085, 386, 350, 'land', 120),
(2086, 386, 389, 'land', 120),
(2087, 386, 388, 'land', 120),
(2088, 386, 305, 'land', 120),
(2089, 386, 278, 'land', 120),
(2094, 389, 386, 'land', 120),
(2095, 389, 350, 'land', 120),
(2096, 389, 353, 'land', 120),
(2098, 388, 391, 'land', 120),
(2100, 388, 312, 'land', 120),
(2101, 388, 305, 'land', 120),
(2102, 388, 386, 'land', 120),
(2103, 388, 389, 'land', 120),
(2105, 389, 359, 'land', 120),
(2106, 389, 391, 'land', 120),
(2107, 389, 388, 'land', 120),
(2109, 389, 356, 'land', 120),
(2111, 391, 393, 'land', 120),
(2113, 391, 392, 'land', 120),
(2117, 391, 359, 'land', 120),
(2120, 391, 388, 'land', 120),
(2121, 391, 389, 'land', 120),
(2123, 392, 393, 'land', 120),
(2124, 392, 407, 'land', 120),
(2125, 392, 308, 'land', 120),
(2127, 392, 391, 'land', 120),
(2128, 393, 359, 'land', 120),
(2129, 393, 362, 'land', 120),
(2131, 393, 406, 'land', 120),
(2135, 393, 391, 'land', 120),
(2138, 393, 395, 'land', 120),
(2140, 393, 407, 'land', 120),
(2141, 393, 392, 'land', 120),
(2150, 406, 395, 'land', 120),
(2151, 406, 393, 'land', 120),
(2152, 395, 406, 'land', 120),
(2154, 395, 400, 'land', 120),
(2155, 395, 398, 'land', 120),
(2156, 395, 407, 'land', 120),
(2157, 395, 393, 'land', 120),
(2159, 398, 400, 'land', 120),
(2161, 398, 408, 'land', 120),
(2164, 398, 407, 'land', 120),
(2165, 398, 395, 'land', 120),
(2166, 408, 400, 'land', 120),
(2172, 400, 408, 'land', 120),
(2173, 400, 398, 'land', 120),
(2176, 418, 422, 'land', 120),
(2181, 418, 400, 'land', 120),
(2182, 400, 395, 'land', 120),
(2184, 400, 406, 'land', 120),
(2185, 400, 405, 'land', 120),
(2186, 400, 422, 'land', 120),
(2187, 400, 418, 'land', 120),
(2189, 422, 405, 'land', 120),
(2193, 422, 418, 'land', 120),
(2194, 422, 400, 'land', 120),
(2195, 405, 400, 'land', 120),
(2199, 405, 425, 'land', 120),
(2200, 405, 422, 'land', 120),
(2202, 405, 406, 'land', 120),
(2203, 405, 365, 'land', 120),
(2205, 405, 424, 'land', 120),
(2210, 406, 405, 'land', 120),
(2211, 406, 400, 'land', 120),
(2213, 407, 393, 'land', 120),
(2214, 407, 395, 'land', 120),
(2216, 407, 398, 'land', 120),
(2218, 408, 398, 'land', 120),
(2221, 408, 418, 'land', 120),
(2223, 408, 409, 'land', 120),
(2227, 409, 408, 'land', 120),
(2228, 409, 418, 'land', 120),
(2229, 409, 411, 'land', 120),
(2230, 411, 409, 'land', 120),
(2235, 413, 411, 'land', 120),
(2236, 413, 420, 'land', 120),
(2240, 413, 417, 'land', 120),
(2241, 413, 538, 'mixed', 60),
(2242, 413, 539, 'mixed', 60),
(2243, 417, 413, 'land', 120),
(2246, 417, 538, 'mixed', 60),
(2250, 415, 417, 'land', 120),
(2254, 415, 538, 'mixed', 60),
(2255, 415, 539, 'mixed', 60),
(2257, 417, 415, 'land', 120),
(2258, 417, 539, 'mixed', 60),
(2259, 418, 408, 'land', 120),
(2262, 418, 411, 'land', 120),
(2263, 418, 409, 'land', 120),
(2266, 411, 422, 'land', 120),
(2268, 411, 420, 'land', 120),
(2269, 411, 413, 'land', 120),
(2271, 411, 418, 'land', 120),
(2272, 420, 413, 'land', 120),
(2277, 420, 411, 'land', 120),
(2278, 420, 422, 'land', 120),
(2279, 420, 430, 'land', 120),
(2280, 420, 539, 'mixed', 60),
(2281, 422, 411, 'land', 120),
(2284, 422, 425, 'land', 120),
(2285, 422, 428, 'land', 120),
(2286, 422, 430, 'land', 120),
(2287, 422, 420, 'land', 120),
(2288, 424, 365, 'land', 120),
(2293, 424, 440, 'land', 120),
(2294, 424, 428, 'land', 120),
(2296, 424, 425, 'land', 120),
(2298, 424, 405, 'land', 120),
(2300, 425, 405, 'land', 120),
(2306, 428, 424, 'land', 120),
(2307, 428, 440, 'land', 120),
(2308, 428, 443, 'land', 120),
(2313, 425, 424, 'land', 120),
(2315, 425, 428, 'land', 120),
(2316, 425, 422, 'land', 120),
(2318, 428, 425, 'land', 120),
(2320, 428, 444, 'land', 120),
(2321, 428, 432, 'land', 120),
(2322, 428, 433, 'land', 120),
(2324, 428, 430, 'land', 120),
(2325, 428, 422, 'land', 120),
(2326, 430, 420, 'land', 120),
(2327, 430, 422, 'land', 120),
(2332, 430, 428, 'land', 120),
(2333, 430, 433, 'land', 120),
(2334, 430, 540, 'mixed', 60),
(2335, 433, 430, 'land', 120),
(2336, 433, 428, 'land', 120),
(2341, 432, 428, 'land', 120),
(2347, 433, 432, 'land', 120),
(2349, 433, 436, 'land', 120),
(2350, 433, 540, 'mixed', 60),
(2352, 432, 444, 'land', 120),
(2353, 432, 435, 'land', 120),
(2354, 432, 436, 'land', 120),
(2355, 432, 433, 'land', 120),
(2357, 435, 436, 'land', 120),
(2358, 435, 432, 'land', 120),
(2362, 435, 472, 'mixed', 60),
(2366, 436, 432, 'land', 120),
(2367, 436, 435, 'land', 120),
(2369, 436, 433, 'land', 120),
(2374, 436, 439, 'land', 120),
(2377, 436, 543, 'mixed', 60),
(2379, 439, 436, 'land', 120),
(2380, 439, 543, 'mixed', 60),
(2383, 440, 375, 'land', 120),
(2384, 440, 443, 'land', 120),
(2385, 440, 428, 'land', 120),
(2387, 440, 424, 'land', 120),
(2388, 443, 440, 'land', 120),
(2389, 443, 375, 'land', 120),
(2393, 443, 428, 'land', 120),
(2399, 444, 436, 'land', 120),
(2401, 443, 377, 'land', 120),
(2402, 443, 449, 'land', 120),
(2403, 443, 435, 'land', 120),
(2405, 443, 444, 'land', 120),
(2408, 444, 435, 'land', 120),
(2409, 444, 432, 'land', 120),
(2411, 444, 443, 'land', 120),
(2412, 435, 449, 'land', 120),
(2413, 435, 448, 'land', 120),
(2415, 435, 444, 'land', 120),
(2416, 435, 443, 'land', 120),
(2422, 449, 448, 'land', 120),
(2423, 449, 435, 'land', 120),
(2424, 449, 443, 'land', 120),
(2426, 448, 435, 'land', 120),
(2431, 448, 449, 'land', 120),
(2432, 448, 450, 'land', 120),
(2433, 448, 454, 'land', 120),
(2434, 448, 472, 'mixed', 60),
(2435, 449, 377, 'land', 120),
(2437, 449, 450, 'land', 120),
(2438, 449, 468, 'mixed', 60),
(2440, 450, 449, 'land', 120),
(2441, 450, 448, 'land', 120),
(2448, 450, 454, 'land', 120),
(2449, 450, 468, 'mixed', 60),
(2450, 454, 448, 'land', 120),
(2459, 454, 472, 'mixed', 60),
(2460, 454, 450, 'land', 120),
(2462, 454, 455, 'land', 120),
(2463, 454, 470, 'mixed', 60),
(2465, 455, 454, 'land', 120),
(2467, 455, 472, 'mixed', 60),
(2469, 456, 472, 'mixed', 60),
(2472, 457, 470, 'mixed', 60),
(2476, 455, 457, 'land', 120),
(2477, 455, 470, 'mixed', 60),
(2478, 455, 473, 'mixed', 60),
(2484, 457, 477, 'mixed', 60),
(2485, 457, 455, 'land', 120),
(2487, 457, 473, 'mixed', 60),
(2488, 461, 471, 'mixed', 60),
(2492, 463, 477, 'mixed', 60),
(2496, 464, 475, 'mixed', 60),
(2498, 466, 20, 'mixed', 60),
(2499, 466, 33, 'mixed', 60),
(2501, 466, 32, 'mixed', 60),
(2502, 466, 62, 'mixed', 60),
(2504, 466, 367, 'mixed', 60),
(2506, 466, 370, 'mixed', 60),
(2507, 466, 373, 'mixed', 60),
(2508, 466, 467, 'sea', 60),
(2509, 467, 13, 'mixed', 60),
(2510, 467, 14, 'mixed', 60),
(2511, 467, 373, 'mixed', 60),
(2512, 467, 374, 'mixed', 60),
(2513, 467, 375, 'mixed', 60),
(2514, 467, 377, 'mixed', 60),
(2515, 467, 466, 'sea', 60),
(2516, 467, 468, 'sea', 60),
(2517, 468, 9, 'mixed', 60),
(2518, 468, 13, 'mixed', 60),
(2519, 468, 449, 'mixed', 60),
(2521, 468, 450, 'mixed', 60),
(2522, 468, 467, 'sea', 60),
(2523, 468, 470, 'sea', 60),
(2524, 469, 6, 'mixed', 60),
(2525, 469, 7, 'mixed', 60),
(2527, 469, 9, 'mixed', 60),
(2528, 469, 470, 'sea', 60),
(2529, 469, 481, 'sea', 60),
(2530, 469, 482, 'sea', 60),
(2531, 469, 485, 'sea', 60),
(2532, 470, 454, 'mixed', 60),
(2535, 470, 455, 'mixed', 60),
(2536, 470, 457, 'mixed', 60),
(2537, 470, 468, 'sea', 60),
(2538, 470, 469, 'sea', 60),
(2539, 470, 481, 'sea', 60),
(2540, 470, 477, 'sea', 60),
(2541, 471, 461, 'mixed', 60),
(2542, 471, 472, 'sea', 60),
(2543, 471, 473, 'sea', 60),
(2544, 471, 474, 'sea', 60),
(2545, 471, 475, 'sea', 60),
(2546, 472, 435, 'mixed', 60),
(2548, 472, 448, 'mixed', 60),
(2550, 472, 454, 'mixed', 60),
(2551, 472, 455, 'mixed', 60),
(2552, 472, 456, 'mixed', 60),
(2553, 472, 543, 'sea', 60),
(2554, 472, 473, 'sea', 60),
(2555, 472, 471, 'sea', 60),
(2556, 473, 455, 'mixed', 60),
(2558, 473, 457, 'mixed', 60),
(2559, 473, 472, 'sea', 60),
(2560, 473, 471, 'sea', 60),
(2561, 473, 474, 'sea', 60),
(2562, 473, 477, 'sea', 60),
(2563, 474, 471, 'sea', 60),
(2564, 474, 475, 'sea', 60),
(2565, 474, 479, 'sea', 60),
(2566, 474, 476, 'sea', 60),
(2567, 474, 477, 'sea', 60),
(2568, 474, 473, 'sea', 60),
(2570, 475, 464, 'mixed', 60),
(2571, 475, 471, 'sea', 60),
(2572, 475, 474, 'sea', 60),
(2573, 475, 479, 'sea', 60),
(2574, 476, 479, 'sea', 60),
(2575, 476, 474, 'sea', 60),
(2576, 476, 477, 'sea', 60),
(2577, 476, 478, 'sea', 60),
(2579, 477, 463, 'mixed', 60),
(2580, 477, 473, 'sea', 60),
(2581, 477, 474, 'sea', 60),
(2582, 477, 476, 'sea', 60),
(2583, 477, 478, 'sea', 60),
(2584, 477, 481, 'sea', 60),
(2585, 477, 470, 'sea', 60),
(2586, 478, 476, 'sea', 60),
(2587, 478, 477, 'sea', 60),
(2588, 478, 481, 'sea', 60),
(2589, 479, 475, 'sea', 60),
(2590, 479, 474, 'sea', 60),
(2591, 479, 476, 'sea', 60),
(2592, 480, 481, 'sea', 60),
(2593, 480, 482, 'sea', 60),
(2594, 480, 483, 'sea', 60),
(2595, 481, 478, 'sea', 60),
(2596, 481, 477, 'sea', 60),
(2597, 481, 470, 'sea', 60),
(2598, 481, 469, 'sea', 60),
(2599, 481, 482, 'sea', 60),
(2600, 481, 480, 'sea', 60),
(2604, 482, 2, 'mixed', 60),
(2605, 482, 3, 'mixed', 60),
(2606, 482, 469, 'sea', 60),
(2607, 482, 485, 'sea', 60),
(2608, 482, 486, 'sea', 60),
(2609, 482, 483, 'sea', 60),
(2610, 482, 480, 'sea', 60),
(2611, 482, 481, 'sea', 60),
(2612, 483, 480, 'sea', 60),
(2613, 483, 482, 'sea', 60),
(2614, 483, 486, 'sea', 60),
(2615, 483, 492, 'sea', 60),
(2616, 483, 493, 'sea', 60),
(2617, 484, 18, 'mixed', 60),
(2619, 484, 23, 'mixed', 60),
(2620, 484, 485, 'sea', 60),
(2621, 484, 486, 'sea', 60),
(2622, 484, 487, 'sea', 60),
(2623, 485, 7, 'mixed', 60),
(2624, 485, 18, 'mixed', 60),
(2625, 485, 469, 'sea', 60),
(2626, 485, 482, 'sea', 60),
(2627, 485, 484, 'sea', 60),
(2628, 485, 486, 'sea', 60),
(2630, 486, 36, 'mixed', 60),
(2631, 486, 482, 'sea', 60),
(2632, 486, 484, 'sea', 60),
(2633, 486, 485, 'sea', 60),
(2634, 486, 487, 'sea', 60),
(2635, 486, 488, 'sea', 60),
(2636, 486, 492, 'sea', 60),
(2637, 486, 493, 'sea', 60),
(2638, 486, 483, 'sea', 60),
(2640, 487, 27, 'mixed', 60),
(2642, 487, 28, 'mixed', 60),
(2643, 487, 34, 'mixed', 60),
(2644, 487, 40, 'mixed', 60),
(2645, 487, 488, 'sea', 60),
(2646, 487, 486, 'sea', 60),
(2647, 487, 484, 'sea', 60),
(2649, 488, 40, 'mixed', 60),
(2650, 488, 41, 'mixed', 60),
(2651, 488, 487, 'sea', 60),
(2652, 488, 486, 'sea', 60),
(2653, 488, 492, 'sea', 60),
(2654, 488, 489, 'sea', 60),
(2656, 489, 105, 'mixed', 60),
(2658, 489, 110, 'mixed', 60),
(2659, 489, 488, 'sea', 60),
(2660, 489, 492, 'sea', 60),
(2661, 489, 490, 'sea', 60),
(2662, 489, 491, 'sea', 60),
(2663, 490, 544, 'mixed', 60),
(2664, 490, 493, 'sea', 60),
(2665, 490, 492, 'sea', 60),
(2666, 490, 489, 'sea', 60),
(2667, 490, 491, 'sea', 60),
(2668, 490, 494, 'sea', 60),
(2669, 491, 123, 'mixed', 60),
(2670, 491, 124, 'mixed', 60),
(2671, 491, 155, 'mixed', 60),
(2672, 491, 168, 'mixed', 60),
(2673, 491, 494, 'sea', 60),
(2674, 491, 490, 'sea', 60),
(2675, 491, 489, 'sea', 60),
(2676, 492, 483, 'sea', 60),
(2677, 492, 486, 'sea', 60),
(2678, 492, 489, 'sea', 60),
(2679, 492, 488, 'sea', 60),
(2680, 492, 490, 'sea', 60),
(2681, 492, 493, 'sea', 60),
(2682, 493, 483, 'sea', 60),
(2683, 493, 486, 'sea', 60),
(2684, 493, 492, 'sea', 60),
(2685, 493, 490, 'sea', 60),
(2686, 493, 494, 'sea', 60),
(2687, 494, 155, 'mixed', 60),
(2688, 494, 153, 'mixed', 60),
(2690, 494, 151, 'mixed', 60),
(2691, 494, 491, 'sea', 60),
(2692, 494, 490, 'sea', 60),
(2693, 494, 493, 'sea', 60),
(2694, 494, 495, 'sea', 60),
(2695, 495, 147, 'mixed', 60),
(2696, 495, 494, 'sea', 60),
(2697, 495, 496, 'sea', 60),
(2698, 495, 498, 'sea', 60),
(2699, 495, 499, 'sea', 60),
(2700, 496, 495, 'sea', 60),
(2701, 496, 498, 'sea', 60),
(2702, 496, 497, 'sea', 60),
(2703, 497, 496, 'sea', 60),
(2704, 497, 498, 'sea', 60),
(2705, 498, 499, 'sea', 60),
(2706, 498, 495, 'sea', 60),
(2707, 498, 496, 'sea', 60),
(2708, 498, 497, 'sea', 60),
(2710, 499, 143, 'mixed', 60),
(2711, 499, 145, 'mixed', 60),
(2712, 499, 147, 'mixed', 60),
(2713, 499, 495, 'sea', 60),
(2714, 499, 498, 'sea', 60),
(2715, 499, 500, 'sea', 60),
(2716, 500, 125, 'mixed', 60),
(2718, 500, 133, 'mixed', 60),
(2720, 500, 140, 'mixed', 60),
(2721, 500, 499, 'sea', 60),
(2722, 500, 525, 'sea', 60),
(2723, 500, 501, 'sea', 60),
(2724, 501, 500, 'sea', 60),
(2725, 501, 525, 'sea', 60),
(2726, 501, 537, 'sea', 60),
(2727, 501, 502, 'sea', 60),
(2728, 502, 501, 'sea', 60),
(2729, 502, 537, 'sea', 60),
(2730, 502, 533, 'sea', 60),
(2731, 502, 534, 'sea', 60),
(2732, 502, 503, 'sea', 60),
(2733, 502, 504, 'sea', 60),
(2734, 503, 502, 'sea', 60),
(2735, 503, 504, 'sea', 60),
(2736, 504, 503, 'sea', 60),
(2737, 504, 502, 'sea', 60),
(2738, 504, 534, 'sea', 60),
(2739, 504, 505, 'sea', 60),
(2740, 505, 255, 'mixed', 60),
(2742, 505, 248, 'mixed', 60),
(2744, 505, 252, 'mixed', 60),
(2745, 505, 504, 'sea', 60),
(2746, 505, 534, 'sea', 60),
(2747, 505, 535, 'sea', 60),
(2748, 505, 506, 'sea', 60),
(2749, 505, 507, 'sea', 60),
(2750, 506, 505, 'sea', 60),
(2751, 506, 507, 'sea', 60),
(2752, 506, 513, 'sea', 60),
(2753, 506, 512, 'sea', 60),
(2756, 507, 249, 'mixed', 60),
(2757, 507, 246, 'mixed', 60),
(2758, 507, 505, 'sea', 60),
(2759, 507, 506, 'sea', 60),
(2760, 507, 508, 'sea', 60),
(2761, 507, 512, 'sea', 60),
(2762, 507, 513, 'sea', 60),
(2764, 508, 256, 'mixed', 60),
(2765, 508, 240, 'mixed', 60),
(2766, 508, 241, 'mixed', 60),
(2767, 508, 507, 'sea', 60),
(2768, 508, 509, 'sea', 60),
(2769, 508, 512, 'sea', 60),
(2770, 509, 241, 'mixed', 60),
(2771, 509, 228, 'mixed', 60),
(2773, 509, 229, 'mixed', 60),
(2774, 509, 515, 'sea', 60),
(2775, 509, 508, 'sea', 60),
(2776, 509, 512, 'sea', 60),
(2777, 510, 293, 'mixed', 60),
(2779, 510, 270, 'mixed', 60),
(2780, 510, 285, 'mixed', 60),
(2781, 510, 287, 'mixed', 60),
(2782, 510, 516, 'sea', 60),
(2783, 510, 512, 'sea', 60),
(2784, 510, 511, 'sea', 60),
(2785, 511, 314, 'mixed', 60),
(2787, 511, 334, 'mixed', 60),
(2788, 511, 315, 'mixed', 60),
(2790, 511, 328, 'mixed', 60),
(2792, 511, 293, 'mixed', 60),
(2793, 511, 510, 'sea', 60),
(2794, 511, 512, 'sea', 60),
(2795, 511, 514, 'sea', 60),
(2796, 511, 526, 'sea', 60),
(2797, 511, 513, 'sea', 60),
(2798, 512, 507, 'sea', 60),
(2799, 512, 508, 'sea', 60),
(2800, 512, 509, 'sea', 60),
(2801, 512, 515, 'sea', 60),
(2802, 512, 516, 'sea', 60),
(2803, 512, 510, 'sea', 60),
(2804, 512, 511, 'sea', 60),
(2805, 512, 514, 'sea', 60),
(2806, 512, 513, 'sea', 60),
(2807, 512, 506, 'sea', 60),
(2808, 513, 506, 'sea', 60),
(2809, 513, 507, 'sea', 60),
(2810, 513, 512, 'sea', 60),
(2811, 513, 511, 'sea', 60),
(2812, 513, 514, 'sea', 60),
(2813, 514, 314, 'mixed', 60),
(2814, 514, 513, 'sea', 60),
(2815, 514, 512, 'sea', 60),
(2816, 514, 511, 'sea', 60),
(2818, 515, 218, 'mixed', 60),
(2819, 515, 225, 'mixed', 60),
(2820, 515, 509, 'sea', 60),
(2821, 515, 512, 'sea', 60),
(2822, 515, 516, 'sea', 60),
(2823, 515, 517, 'sea', 60),
(2824, 516, 188, 'mixed', 60),
(2827, 516, 290, 'mixed', 60),
(2828, 516, 292, 'mixed', 60),
(2829, 516, 283, 'mixed', 60),
(2830, 516, 287, 'mixed', 60),
(2831, 516, 512, 'sea', 60),
(2832, 516, 515, 'sea', 60),
(2833, 516, 517, 'sea', 60),
(2834, 516, 510, 'sea', 60),
(2835, 517, 212, 'mixed', 60),
(2836, 517, 210, 'mixed', 60),
(2837, 517, 173, 'mixed', 60),
(2840, 517, 186, 'mixed', 60),
(2841, 517, 515, 'sea', 60),
(2842, 517, 516, 'sea', 60),
(2843, 517, 518, 'sea', 60),
(2844, 518, 214, 'mixed', 60),
(2845, 518, 210, 'mixed', 60),
(2847, 518, 171, 'mixed', 60),
(2848, 518, 172, 'mixed', 60),
(2849, 518, 173, 'mixed', 60),
(2850, 518, 517, 'sea', 60),
(2851, 518, 519, 'sea', 60),
(2852, 518, 520, 'sea', 60),
(2854, 519, 205, 'mixed', 60),
(2855, 519, 206, 'mixed', 60),
(2856, 519, 536, 'sea', 60),
(2857, 519, 533, 'sea', 60),
(2858, 519, 537, 'sea', 60),
(2859, 519, 520, 'sea', 60),
(2860, 519, 518, 'sea', 60),
(2861, 520, 171, 'mixed', 60),
(2863, 520, 176, 'mixed', 60),
(2864, 520, 518, 'sea', 60),
(2865, 520, 519, 'sea', 60),
(2866, 520, 537, 'sea', 60),
(2867, 520, 521, 'sea', 60),
(2868, 521, 520, 'sea', 60),
(2869, 521, 522, 'sea', 60),
(2870, 521, 524, 'sea', 60),
(2871, 521, 525, 'sea', 60),
(2872, 521, 537, 'sea', 60),
(2874, 522, 182, 'mixed', 60),
(2875, 522, 81, 'mixed', 60),
(2876, 522, 94, 'mixed', 60),
(2877, 522, 521, 'sea', 60),
(2878, 522, 523, 'sea', 60),
(2879, 522, 524, 'sea', 60),
(2880, 523, 94, 'mixed', 60),
(2881, 523, 106, 'mixed', 60),
(2883, 523, 111, 'mixed', 60),
(2884, 523, 115, 'mixed', 60),
(2885, 523, 522, 'sea', 60),
(2886, 523, 524, 'sea', 60),
(2888, 524, 126, 'mixed', 60),
(2889, 524, 132, 'mixed', 60),
(2890, 524, 521, 'sea', 60),
(2891, 524, 522, 'sea', 60),
(2892, 524, 523, 'sea', 60),
(2893, 524, 525, 'sea', 60),
(2894, 524, 537, 'sea', 60),
(2896, 525, 125, 'mixed', 60),
(2897, 525, 537, 'sea', 60),
(2898, 525, 521, 'sea', 60),
(2899, 525, 524, 'sea', 60),
(2900, 525, 501, 'sea', 60),
(2901, 525, 500, 'sea', 60),
(2904, 526, 293, 'mixed', 60),
(2907, 526, 301, 'mixed', 60),
(2908, 526, 304, 'mixed', 60),
(2909, 526, 303, 'mixed', 60),
(2910, 526, 295, 'mixed', 60),
(2911, 526, 296, 'mixed', 60),
(2913, 526, 326, 'mixed', 60),
(2914, 526, 511, 'sea', 60),
(2915, 526, 527, 'sea', 60),
(2916, 526, 528, 'sea', 60),
(2917, 527, 326, 'mixed', 60),
(2919, 527, 323, 'mixed', 60),
(2920, 527, 321, 'mixed', 60),
(2921, 527, 526, 'sea', 60),
(2922, 527, 528, 'sea', 60),
(2923, 527, 529, 'sea', 60),
(2924, 527, 530, 'sea', 60),
(2926, 528, 336, 'mixed', 60),
(2927, 528, 338, 'mixed', 60),
(2928, 528, 526, 'sea', 60),
(2929, 528, 527, 'sea', 60),
(2930, 528, 529, 'sea', 60),
(2931, 529, 528, 'sea', 60),
(2932, 529, 527, 'sea', 60),
(2933, 529, 530, 'sea', 60),
(2934, 529, 532, 'sea', 60),
(2935, 530, 321, 'mixed', 60),
(2936, 530, 317, 'mixed', 60),
(2937, 530, 319, 'mixed', 60),
(2938, 530, 527, 'sea', 60),
(2939, 530, 529, 'sea', 60),
(2940, 530, 532, 'sea', 60),
(2941, 530, 531, 'sea', 60),
(2943, 531, 319, 'mixed', 60),
(2944, 531, 530, 'sea', 60),
(2948, 532, 530, 'sea', 60),
(2949, 532, 529, 'sea', 60),
(2950, 533, 263, 'mixed', 60),
(2951, 533, 257, 'mixed', 60),
(2952, 533, 534, 'sea', 60),
(2953, 533, 502, 'sea', 60),
(2954, 533, 536, 'sea', 60),
(2955, 533, 537, 'sea', 60),
(2956, 533, 519, 'sea', 60),
(2958, 534, 261, 'mixed', 60),
(2960, 534, 267, 'mixed', 60),
(2961, 534, 504, 'sea', 60),
(2962, 534, 505, 'sea', 60),
(2963, 534, 535, 'sea', 60),
(2964, 534, 533, 'sea', 60),
(2965, 534, 502, 'sea', 60),
(2967, 535, 255, 'mixed', 60),
(2969, 535, 244, 'mixed', 60),
(2970, 535, 240, 'mixed', 60),
(2971, 535, 241, 'mixed', 60),
(2972, 535, 228, 'mixed', 60),
(2974, 535, 265, 'mixed', 60),
(2975, 535, 264, 'mixed', 60),
(2976, 535, 505, 'sea', 60),
(2977, 535, 534, 'sea', 60),
(2978, 535, 536, 'sea', 60),
(2981, 536, 232, 'mixed', 60),
(2983, 536, 234, 'mixed', 60),
(2984, 536, 224, 'mixed', 60),
(2985, 536, 230, 'mixed', 60),
(2986, 536, 216, 'mixed', 60),
(2987, 536, 205, 'mixed', 60),
(2988, 536, 206, 'mixed', 60),
(2989, 536, 535, 'sea', 60),
(2990, 536, 533, 'sea', 60),
(2991, 536, 537, 'sea', 60),
(2992, 536, 519, 'sea', 60),
(2993, 537, 502, 'sea', 60),
(2994, 537, 533, 'sea', 60),
(2995, 537, 536, 'sea', 60),
(2996, 537, 519, 'sea', 60),
(2997, 537, 520, 'sea', 60),
(2998, 537, 521, 'sea', 60),
(2999, 537, 524, 'sea', 60),
(3000, 537, 525, 'sea', 60),
(3001, 537, 501, 'sea', 60),
(3002, 538, 413, 'mixed', 60),
(3003, 538, 417, 'mixed', 60),
(3005, 538, 415, 'mixed', 60),
(3006, 538, 539, 'sea', 60),
(3007, 538, 542, 'sea', 60),
(3009, 539, 415, 'mixed', 60),
(3011, 539, 417, 'mixed', 60),
(3013, 539, 413, 'mixed', 60),
(3015, 539, 420, 'mixed', 60),
(3016, 539, 538, 'sea', 60),
(3017, 539, 542, 'sea', 60),
(3018, 539, 540, 'sea', 60),
(3019, 539, 541, 'sea', 60),
(3021, 540, 430, 'mixed', 60),
(3023, 540, 433, 'mixed', 60),
(3024, 540, 539, 'sea', 60),
(3025, 540, 541, 'sea', 60),
(3026, 540, 543, 'sea', 60),
(3027, 541, 539, 'sea', 60),
(3028, 541, 542, 'sea', 60),
(3029, 541, 540, 'sea', 60),
(3030, 541, 543, 'sea', 60),
(3031, 542, 538, 'sea', 60),
(3032, 542, 539, 'sea', 60),
(3033, 542, 541, 'sea', 60),
(3035, 543, 439, 'mixed', 60),
(3037, 543, 436, 'mixed', 60),
(3038, 543, 540, 'sea', 60),
(3039, 543, 541, 'sea', 60),
(3040, 543, 472, 'sea', 60),
(3041, 544, 490, 'mixed', 60),
(3042, 545, 527, 'mixed', 60),
(3043, 545, 529, 'mixed', 60),
(3044, 545, 530, 'mixed', 60),
(3045, 546, 480, 'mixed', 60),
(3046, 480, 546, 'mixed', 60),
(3047, 527, 545, 'mixed', 60),
(3048, 529, 545, 'mixed', 60),
(3049, 530, 545, 'mixed', 60),
(3224, 106, 94, 'land', 120),
(3227, 188, 517, 'mixed', 60),
(3239, 485, 488, 'fastsea', 120),
(3245, 488, 485, 'fastsea', 120),
(3246, 488, 494, 'fastsea', 180),
(3249, 494, 488, 'fastsea', 180),
(3363, 466, 468, 'fastsea', 120),
(3364, 466, 491, 'fastsea', 540),
(3365, 467, 472, 'fastsea', 300),
(3366, 468, 477, 'fastsea', 120),
(3367, 468, 466, 'fastsea', 120),
(3368, 468, 486, 'fastsea', 240),
(3369, 472, 540, 'fastsea', 120),
(3370, 472, 467, 'fastsea', 300),
(3371, 475, 543, 'fastsea', 180),
(3372, 475, 477, 'fastsea', 120),
(3373, 477, 475, 'fastsea', 120),
(3374, 477, 468, 'fastsea', 120),
(3375, 477, 484, 'fastsea', 240),
(3376, 482, 487, 'fastsea', 120),
(3378, 484, 477, 'fastsea', 240),
(3380, 486, 468, 'fastsea', 240),
(3381, 486, 494, 'fastsea', 120),
(3382, 487, 482, 'fastsea', 120),
(3383, 487, 491, 'fastsea', 180),
(3384, 487, 500, 'fastsea', 360),
(3387, 491, 487, 'fastsea', 180),
(3388, 491, 466, 'fastsea', 540),
(3390, 494, 486, 'fastsea', 120),
(3391, 494, 500, 'fastsea', 180),
(3392, 500, 494, 'fastsea', 180),
(3393, 500, 523, 'fastsea', 180),
(3394, 500, 535, 'fastsea', 240),
(3395, 500, 487, 'fastsea', 360),
(3396, 505, 536, 'fastsea', 120),
(3397, 505, 508, 'fastsea', 180),
(3398, 508, 505, 'fastsea', 180),
(3399, 508, 515, 'fastsea', 120),
(3400, 508, 511, 'fastsea', 120),
(3401, 510, 515, 'fastsea', 120),
(3402, 510, 526, 'fastsea', 120),
(3403, 510, 524, 'fastsea', 360),
(3404, 511, 516, 'fastsea', 120),
(3405, 511, 508, 'fastsea', 120),
(3406, 515, 508, 'fastsea', 120),
(3407, 515, 518, 'fastsea', 120),
(3408, 515, 510, 'fastsea', 120),
(3409, 516, 511, 'fastsea', 120),
(3410, 516, 518, 'fastsea', 120),
(3411, 517, 536, 'fastsea', 180),
(3412, 518, 515, 'fastsea', 120),
(3413, 518, 523, 'fastsea', 240),
(3414, 518, 516, 'fastsea', 120),
(3415, 523, 500, 'fastsea', 180),
(3416, 523, 518, 'fastsea', 240),
(3417, 524, 536, 'fastsea', 120),
(3418, 524, 510, 'fastsea', 360),
(3419, 526, 510, 'fastsea', 120),
(3422, 528, 535, 'fastsea', 360),
(3425, 535, 500, 'fastsea', 240),
(3426, 535, 528, 'fastsea', 360),
(3427, 536, 524, 'fastsea', 120),
(3428, 536, 517, 'fastsea', 180),
(3429, 536, 505, 'fastsea', 120),
(3430, 540, 472, 'fastsea', 120),
(3431, 543, 475, 'fastsea', 180),
(3477, 528, 548, 'mixed', 60),
(3478, 529, 549, 'mixed', 60),
(3480, 529, 551, 'mixed', 60),
(3481, 529, 553, 'mixed', 60),
(3483, 338, 548, 'land', 120),
(3491, 548, 528, 'mixed', 60),
(3496, 549, 529, 'mixed', 60),
(3501, 551, 549, 'land', 120),
(3503, 551, 553, 'land', 120),
(3505, 551, 529, 'mixed', 60),
(3510, 553, 529, 'mixed', 60),
(3520, 553, 558, 'land', 120),
(3521, 553, 549, 'land', 120),
(3522, 553, 551, 'land', 120),
(3523, 549, 551, 'land', 120),
(3524, 549, 553, 'land', 120),
(3525, 549, 558, 'land', 120),
(3526, 549, 562, 'land', 120),
(3527, 549, 548, 'land', 120),
(3529, 558, 553, 'land', 120),
(3531, 558, 560, 'land', 120),
(3533, 558, 562, 'land', 120),
(3534, 558, 549, 'land', 120),
(3538, 560, 565, 'land', 120),
(3539, 560, 563, 'land', 120),
(3540, 560, 562, 'land', 120),
(3541, 560, 558, 'land', 120),
(3543, 562, 560, 'land', 120),
(3547, 562, 549, 'land', 120),
(3548, 562, 558, 'land', 120),
(3550, 562, 563, 'land', 120),
(3551, 562, 548, 'land', 120),
(3553, 548, 549, 'land', 120),
(3554, 548, 562, 'land', 120),
(3555, 548, 563, 'land', 120),
(3556, 548, 341, 'land', 120),
(3557, 548, 338, 'land', 120),
(3560, 341, 548, 'land', 120),
(3561, 341, 563, 'land', 120),
(3562, 343, 564, 'land', 120),
(3566, 563, 548, 'land', 120),
(3571, 563, 341, 'land', 120),
(3572, 563, 562, 'land', 120),
(3573, 563, 560, 'land', 120),
(3574, 563, 565, 'land', 120),
(3575, 563, 566, 'land', 120),
(3577, 563, 564, 'land', 120),
(3579, 564, 563, 'land', 120),
(3580, 564, 566, 'land', 120),
(3581, 564, 398, 'land', 120),
(3582, 564, 343, 'land', 120);
INSERT INTO `regions_paths` (`id`, `region_id`, `destination`, `type`, `time`) VALUES
(3584, 398, 564, 'land', 120),
(3585, 398, 566, 'land', 120),
(3587, 566, 563, 'land', 120),
(3589, 566, 565, 'land', 120),
(3590, 566, 408, 'land', 120),
(3592, 566, 398, 'land', 120),
(3593, 566, 564, 'land', 120),
(3594, 408, 566, 'land', 120),
(3595, 408, 565, 'land', 120),
(3596, 413, 570, 'land', 120),
(3599, 411, 570, 'land', 120),
(3602, 409, 565, 'land', 120),
(3603, 409, 568, 'land', 120),
(3604, 409, 570, 'land', 120),
(3605, 565, 568, 'land', 120),
(3606, 565, 409, 'land', 120),
(3607, 565, 408, 'land', 120),
(3611, 565, 560, 'land', 120),
(3613, 565, 566, 'land', 120),
(3614, 565, 563, 'land', 120),
(3617, 568, 409, 'land', 120),
(3618, 568, 565, 'land', 120),
(3620, 568, 570, 'land', 120),
(3625, 570, 568, 'land', 120),
(3627, 570, 572, 'land', 120),
(3628, 570, 413, 'land', 120),
(3629, 570, 411, 'land', 120),
(3630, 570, 409, 'land', 120),
(3634, 572, 570, 'land', 120),
(3638, 572, 413, 'land', 120),
(3642, 572, 538, 'mixed', 60),
(3643, 413, 572, 'land', 120),
(3645, 538, 572, 'mixed', 60),
(3646, 482, 538, 'fastsea', 480),
(3647, 538, 482, 'fastsea', 480),
(3648, 543, 538, 'fastsea', 180),
(3649, 583, 543, 'fastsea', 180),
(3650, 526, 529, 'fastsea', 120),
(3651, 529, 526, 'fastsea', 180),
(3676, 202, 195, 'land', 120),
(3681, 517, 188, 'mixed', 60),
(3682, 214, 225, 'land', 120),
(3684, 444, 428, 'land', 120),
(3686, 575, 576, 'land', 120),
(3687, 576, 575, 'land', 120),
(3689, 576, 578, 'land', 120),
(3700, 578, 576, 'land', 120),
(3703, 578, 579, 'land', 120),
(3705, 579, 578, 'land', 120),
(3707, 579, 583, 'land', 120),
(3710, 583, 579, 'land', 120),
(3712, 583, 584, 'land', 120),
(3713, 584, 583, 'land', 120),
(3714, 584, 587, 'land', 120),
(3715, 587, 584, 'land', 120),
(3724, 587, 589, 'land', 120),
(3728, 589, 587, 'land', 120),
(3730, 589, 590, 'land', 120),
(3731, 590, 589, 'land', 120),
(3732, 590, 591, 'land', 120),
(3733, 590, 594, 'land', 120),
(3734, 590, 593, 'land', 120),
(3735, 591, 590, 'land', 120),
(3737, 591, 594, 'land', 120),
(3738, 591, 597, 'land', 120),
(3739, 594, 590, 'land', 120),
(3743, 593, 590, 'land', 120),
(3745, 593, 594, 'land', 120),
(3746, 593, 596, 'land', 120),
(3747, 594, 591, 'land', 120),
(3749, 594, 593, 'land', 120),
(3751, 594, 596, 'land', 120),
(3752, 594, 597, 'land', 120),
(3753, 597, 591, 'land', 120),
(3756, 596, 593, 'land', 120),
(3757, 596, 594, 'land', 120),
(3760, 597, 594, 'land', 120),
(3763, 597, 596, 'land', 120),
(3764, 597, 599, 'land', 120),
(3766, 596, 597, 'land', 120),
(3767, 596, 599, 'land', 120),
(3768, 599, 597, 'land', 120),
(3769, 599, 596, 'land', 120),
(3770, 599, 601, 'land', 120),
(3771, 601, 599, 'land', 120),
(3774, 601, 603, 'land', 120),
(3775, 603, 601, 'land', 120),
(3778, 603, 611, 'land', 120),
(3779, 611, 603, 'land', 120),
(3781, 611, 605, 'land', 120),
(3793, 607, 608, 'land', 120),
(3798, 608, 607, 'land', 120),
(3799, 608, 605, 'land', 120),
(3801, 608, 610, 'land', 120),
(3802, 605, 611, 'land', 120),
(3804, 605, 608, 'land', 120),
(3805, 605, 610, 'land', 120),
(3808, 610, 605, 'land', 120),
(3811, 610, 611, 'land', 120),
(3814, 611, 610, 'land', 120),
(3815, 611, 612, 'land', 120),
(3817, 612, 611, 'land', 120),
(3821, 610, 608, 'land', 120),
(3823, 610, 622, 'land', 120),
(3824, 610, 612, 'land', 120),
(3825, 610, 619, 'land', 120),
(3826, 610, 607, 'land', 120),
(3827, 622, 610, 'land', 120),
(3830, 622, 607, 'land', 120),
(3833, 612, 610, 'land', 120),
(3835, 612, 619, 'land', 120),
(3841, 618, 619, 'land', 120),
(3842, 618, 620, 'land', 120),
(3843, 618, 622, 'land', 120),
(3844, 619, 610, 'land', 120),
(3845, 619, 612, 'land', 120),
(3848, 619, 618, 'land', 120),
(3849, 619, 622, 'land', 120),
(3850, 620, 618, 'land', 120),
(3854, 620, 622, 'land', 120),
(3856, 622, 618, 'land', 120),
(3857, 622, 619, 'land', 120),
(3859, 622, 620, 'land', 120),
(3861, 607, 610, 'land', 120),
(3862, 607, 622, 'land', 120),
(3863, 481, 575, 'mixed', 60),
(3864, 481, 576, 'mixed', 60),
(3866, 481, 578, 'mixed', 60),
(3868, 481, 579, 'mixed', 60),
(3870, 478, 583, 'mixed', 60),
(3871, 478, 584, 'mixed', 60),
(3873, 478, 587, 'mixed', 60),
(3874, 476, 587, 'mixed', 60),
(3876, 476, 589, 'mixed', 60),
(3877, 479, 590, 'mixed', 60),
(3878, 479, 591, 'mixed', 60),
(3880, 479, 597, 'mixed', 60),
(3881, 479, 599, 'mixed', 60),
(3883, 475, 601, 'mixed', 60),
(3885, 475, 603, 'mixed', 60),
(3887, 475, 611, 'mixed', 60),
(3888, 471, 612, 'mixed', 60),
(3889, 471, 619, 'mixed', 60),
(3890, 471, 618, 'mixed', 60),
(3892, 472, 620, 'mixed', 60),
(3894, 543, 620, 'mixed', 60),
(3895, 543, 622, 'mixed', 60),
(3896, 543, 607, 'mixed', 60),
(3897, 541, 608, 'mixed', 60),
(3898, 541, 607, 'mixed', 60),
(3899, 575, 481, 'mixed', 60),
(3900, 576, 481, 'mixed', 60),
(3902, 578, 481, 'mixed', 60),
(3904, 579, 481, 'mixed', 60),
(3906, 583, 478, 'mixed', 60),
(3907, 584, 478, 'mixed', 60),
(3909, 587, 478, 'mixed', 60),
(3910, 587, 476, 'mixed', 60),
(3912, 589, 476, 'mixed', 60),
(3913, 590, 479, 'mixed', 60),
(3914, 591, 479, 'mixed', 60),
(3916, 597, 479, 'mixed', 60),
(3917, 599, 479, 'mixed', 60),
(3919, 601, 475, 'mixed', 60),
(3921, 603, 475, 'mixed', 60),
(3923, 611, 475, 'mixed', 60),
(3924, 612, 471, 'mixed', 60),
(3925, 619, 471, 'mixed', 60),
(3926, 618, 471, 'mixed', 60),
(3928, 620, 472, 'mixed', 60),
(3930, 620, 543, 'mixed', 60),
(3931, 622, 543, 'mixed', 60),
(3932, 607, 543, 'mixed', 60),
(3933, 608, 541, 'mixed', 60),
(3934, 607, 541, 'mixed', 60),
(3935, 608, 542, 'mixed', 60),
(3936, 542, 608, 'mixed', 60),
(3955, 475, 476, 'fastsea', 120),
(3956, 476, 475, 'fastsea', 120),
(3957, 476, 472, 'fastsea', 240),
(3958, 476, 481, 'fastsea', 120),
(3959, 472, 476, 'fastsea', 240),
(3960, 481, 476, 'fastsea', 120),
(3965, 481, 468, 'fastsea', 120),
(3966, 468, 481, 'fastsea', 120),
(3967, 228, 535, 'mixed', 60),
(3968, 230, 536, 'mixed', 60),
(3971, 20, 21, 'land', 120),
(3973, 341, 338, 'land', 120),
(3974, 338, 341, 'land', 120),
(3975, 240, 244, 'land', 120),
(3980, 9, 470, 'mixed', 60),
(3981, 470, 9, 'mixed', 60),
(3982, 553, 548, 'fastland', 240),
(3983, 548, 553, 'fastland', 240),
(3984, 553, 560, 'fastland', 240),
(3985, 560, 553, 'fastland', 240),
(3986, 560, 548, 'fastland', 240),
(3987, 548, 560, 'fastland', 240),
(3988, 560, 566, 'fastland', 240),
(3989, 566, 560, 'fastland', 240),
(3990, 409, 566, 'fastland', 240),
(3991, 566, 409, 'fastland', 240),
(3992, 560, 409, 'fastland', 240),
(3993, 409, 560, 'fastland', 240),
(3994, 409, 413, 'fastland', 240),
(3995, 413, 409, 'fastland', 240),
(3996, 409, 428, 'fastland', 360),
(3997, 428, 409, 'fastland', 360),
(3998, 409, 406, 'fastland', 360),
(3999, 406, 409, 'fastland', 360),
(4000, 566, 343, 'fastland', 240),
(4001, 343, 566, 'fastland', 240),
(4002, 566, 548, 'fastland', 240),
(4003, 548, 566, 'fastland', 240),
(4004, 566, 406, 'fastland', 360),
(4005, 406, 566, 'fastland', 360),
(4006, 413, 415, 'fastland', 240),
(4007, 415, 413, 'fastland', 240),
(4008, 413, 439, 'fastland', 600),
(4009, 439, 413, 'fastland', 600),
(4010, 413, 428, 'fastland', 360),
(4011, 428, 413, 'fastland', 360),
(4012, 428, 439, 'fastland', 360),
(4013, 439, 428, 'fastland', 360),
(4014, 428, 449, 'fastland', 360),
(4015, 449, 428, 'fastland', 360),
(4016, 428, 406, 'fastland', 360),
(4017, 406, 428, 'fastland', 360),
(4018, 406, 440, 'fastland', 240),
(4019, 440, 406, 'fastland', 240),
(4020, 406, 373, 'fastland', 480),
(4021, 373, 406, 'fastland', 480),
(4022, 406, 359, 'fastland', 240),
(4023, 359, 406, 'fastland', 240),
(4024, 406, 343, 'fastland', 360),
(4025, 343, 406, 'fastland', 360),
(4026, 343, 359, 'fastland', 480),
(4027, 359, 343, 'fastland', 480),
(4028, 343, 312, 'fastland', 360),
(4029, 312, 343, 'fastland', 360),
(4030, 343, 348, 'fastland', 240),
(4031, 348, 343, 'fastland', 240),
(4032, 343, 548, 'fastland', 360),
(4033, 548, 343, 'fastland', 360),
(4034, 548, 348, 'fastland', 360),
(4035, 348, 548, 'fastland', 360),
(4036, 348, 312, 'fastland', 240),
(4037, 312, 348, 'fastland', 240),
(4038, 348, 304, 'fastland', 240),
(4039, 304, 348, 'fastland', 240),
(4040, 439, 454, 'fastland', 480),
(4041, 454, 439, 'fastland', 480),
(4042, 439, 449, 'fastland', 360),
(4043, 449, 439, 'fastland', 360),
(4044, 454, 457, 'fastland', 240),
(4045, 457, 454, 'fastland', 240),
(4046, 454, 449, 'fastland', 240),
(4047, 449, 454, 'fastland', 240),
(4048, 601, 622, 'fastland', 600),
(4049, 622, 601, 'fastland', 600),
(4050, 601, 610, 'fastland', 360),
(4051, 610, 601, 'fastland', 360),
(4052, 601, 594, 'fastland', 360),
(4053, 594, 601, 'fastland', 360),
(4054, 594, 587, 'fastland', 360),
(4055, 587, 594, 'fastland', 360),
(4056, 587, 579, 'fastland', 360),
(4057, 579, 587, 'fastland', 360),
(4058, 579, 575, 'fastland', 360),
(4059, 575, 579, 'fastland', 360),
(4060, 449, 440, 'fastland', 360),
(4061, 440, 449, 'fastland', 360),
(4062, 449, 373, 'fastland', 480),
(4063, 373, 449, 'fastland', 480),
(4064, 440, 373, 'fastland', 240),
(4065, 373, 440, 'fastland', 240),
(4066, 62, 359, 'fastland', 360),
(4067, 359, 62, 'fastland', 360),
(4068, 62, 373, 'fastland', 360),
(4069, 373, 62, 'fastland', 360),
(4070, 62, 20, 'fastland', 360),
(4071, 20, 62, 'fastland', 360),
(4072, 62, 26, 'fastland', 360),
(4073, 26, 62, 'fastland', 360),
(4074, 62, 54, 'fastland', 360),
(4075, 54, 62, 'fastland', 360),
(4076, 62, 353, 'fastland', 360),
(4077, 353, 62, 'fastland', 360),
(4078, 373, 359, 'fastland', 480),
(4079, 359, 373, 'fastland', 480),
(4080, 359, 312, 'fastland', 360),
(4081, 312, 359, 'fastland', 360),
(4082, 359, 353, 'fastland', 240),
(4083, 353, 359, 'fastland', 240),
(4084, 353, 54, 'fastland', 360),
(4085, 54, 353, 'fastland', 360),
(4086, 353, 75, 'fastland', 360),
(4087, 75, 353, 'fastland', 360),
(4088, 353, 198, 'fastland', 360),
(4089, 198, 353, 'fastland', 360),
(4090, 353, 277, 'fastland', 360),
(4091, 277, 353, 'fastland', 360),
(4092, 353, 312, 'fastland', 360),
(4093, 312, 353, 'fastland', 360),
(4094, 312, 304, 'fastland', 240),
(4095, 304, 312, 'fastland', 240),
(4096, 312, 277, 'fastland', 360),
(4097, 277, 312, 'fastland', 360),
(4098, 304, 277, 'fastland', 360),
(4099, 277, 304, 'fastland', 360),
(4100, 304, 270, 'fastland', 240),
(4101, 270, 304, 'fastland', 240),
(4102, 270, 277, 'fastland', 240),
(4103, 277, 270, 'fastland', 240),
(4104, 270, 287, 'fastland', 240),
(4105, 287, 270, 'fastland', 240),
(4106, 277, 198, 'fastland', 240),
(4107, 198, 277, 'fastland', 240),
(4108, 277, 287, 'fastland', 240),
(4109, 287, 277, 'fastland', 240),
(4110, 287, 198, 'fastland', 480),
(4111, 198, 287, 'fastland', 480),
(4112, 287, 188, 'fastland', 360),
(4113, 188, 287, 'fastland', 360),
(4114, 198, 75, 'fastland', 240),
(4115, 75, 198, 'fastland', 240),
(4116, 198, 197, 'fastland', 240),
(4117, 197, 198, 'fastland', 240),
(4118, 198, 188, 'fastland', 360),
(4119, 188, 198, 'fastland', 360),
(4120, 188, 197, 'fastland', 240),
(4121, 197, 188, 'fastland', 240),
(4122, 188, 172, 'fastland', 360),
(4123, 172, 188, 'fastland', 360),
(4124, 197, 75, 'fastland', 360),
(4125, 75, 197, 'fastland', 360),
(4126, 197, 84, 'fastland', 240),
(4127, 84, 197, 'fastland', 240),
(4128, 197, 172, 'fastland', 360),
(4129, 172, 197, 'fastland', 360),
(4130, 75, 54, 'fastland', 360),
(4131, 54, 75, 'fastland', 360),
(4132, 75, 84, 'fastland', 240),
(4133, 84, 75, 'fastland', 240),
(4134, 75, 44, 'fastland', 360),
(4135, 44, 75, 'fastland', 360),
(4136, 20, 9, 'fastland', 360),
(4137, 9, 20, 'fastland', 360),
(4138, 20, 26, 'fastland', 240),
(4139, 26, 20, 'fastland', 240),
(4140, 9, 6, 'fastland', 240),
(4141, 6, 9, 'fastland', 240),
(4142, 6, 18, 'fastland', 240),
(4143, 18, 6, 'fastland', 240),
(4144, 18, 26, 'fastland', 240),
(4145, 26, 18, 'fastland', 240),
(4146, 26, 105, 'fastland', 600),
(4147, 105, 26, 'fastland', 600),
(4148, 26, 54, 'fastland', 240),
(4149, 54, 26, 'fastland', 240),
(4150, 54, 44, 'fastland', 240),
(4151, 44, 54, 'fastland', 240),
(4152, 44, 105, 'fastland', 240),
(4153, 105, 44, 'fastland', 240),
(4154, 44, 106, 'fastland', 480),
(4155, 106, 44, 'fastland', 480),
(4156, 44, 84, 'fastland', 360),
(4157, 84, 44, 'fastland', 360),
(4158, 105, 123, 'fastland', 240),
(4159, 123, 105, 'fastland', 240),
(4160, 105, 106, 'fastland', 240),
(4161, 106, 105, 'fastland', 240),
(4162, 84, 106, 'fastland', 480),
(4163, 106, 84, 'fastland', 480),
(4164, 84, 81, 'fastland', 240),
(4165, 81, 84, 'fastland', 240),
(4166, 84, 172, 'fastland', 360),
(4167, 172, 84, 'fastland', 360),
(4168, 172, 81, 'fastland', 240),
(4169, 81, 172, 'fastland', 240),
(4170, 172, 176, 'fastland', 240),
(4171, 176, 172, 'fastland', 240),
(4172, 176, 81, 'fastland', 240),
(4173, 81, 176, 'fastland', 240),
(4174, 81, 106, 'fastland', 240),
(4175, 106, 81, 'fastland', 240),
(4176, 106, 123, 'fastland', 360),
(4177, 123, 106, 'fastland', 360),
(4178, 106, 132, 'fastland', 360),
(4179, 132, 106, 'fastland', 360),
(4180, 123, 132, 'fastland', 360),
(4181, 132, 123, 'fastland', 360),
(4182, 123, 155, 'fastland', 360),
(4183, 155, 123, 'fastland', 360),
(4184, 155, 132, 'fastland', 360),
(4185, 132, 155, 'fastland', 360),
(4186, 155, 163, 'fastland', 360),
(4187, 163, 155, 'fastland', 360),
(4188, 155, 151, 'fastland', 240),
(4189, 151, 155, 'fastland', 240),
(4190, 132, 163, 'fastland', 240),
(4191, 163, 132, 'fastland', 240),
(4192, 132, 140, 'fastland', 360),
(4193, 140, 132, 'fastland', 360),
(4194, 132, 125, 'fastland', 240),
(4195, 125, 132, 'fastland', 240),
(4196, 163, 151, 'fastland', 480),
(4197, 151, 163, 'fastland', 480),
(4198, 163, 145, 'fastland', 240),
(4199, 145, 163, 'fastland', 240),
(4200, 163, 140, 'fastland', 360),
(4201, 140, 163, 'fastland', 360),
(4202, 151, 145, 'fastland', 240),
(4203, 145, 151, 'fastland', 240),
(4204, 145, 140, 'fastland', 240),
(4205, 140, 145, 'fastland', 240),
(4206, 140, 125, 'fastland', 240),
(4207, 125, 140, 'fastland', 240),
(4208, 210, 225, 'fastland', 240),
(4209, 225, 210, 'fastland', 240),
(4210, 210, 232, 'fastland', 600),
(4211, 232, 210, 'fastland', 600),
(4212, 210, 206, 'fastland', 240),
(4213, 206, 210, 'fastland', 240),
(4214, 225, 232, 'fastland', 360),
(4215, 232, 225, 'fastland', 360),
(4216, 225, 229, 'fastland', 360),
(4217, 229, 225, 'fastland', 360),
(4218, 232, 229, 'fastland', 360),
(4219, 229, 232, 'fastland', 360),
(4220, 229, 256, 'fastland', 480),
(4221, 256, 229, 'fastland', 480),
(4222, 256, 252, 'fastland', 360),
(4223, 252, 256, 'fastland', 360),
(4224, 257, 264, 'fastland', 240),
(4225, 264, 257, 'fastland', 240),
(4226, 321, 326, 'fastland', 360),
(4227, 326, 321, 'fastland', 360),
(4228, 321, 328, 'fastland', 240),
(4229, 328, 321, 'fastland', 240),
(4230, 321, 319, 'fastland', 240),
(4231, 319, 321, 'fastland', 240),
(4232, 326, 328, 'fastland', 240),
(4233, 328, 326, 'fastland', 240),
(4234, 319, 328, 'fastland', 360),
(4235, 328, 319, 'fastland', 360),
(4236, 328, 334, 'fastland', 240),
(4237, 334, 328, 'fastland', 240),
(4238, 336, 348, 'land', 120),
(4239, 348, 336, 'land', 120),
(4240, 336, 313, 'land', 120),
(4241, 313, 336, 'land', 120),
(4242, 336, 305, 'land', 120),
(4243, 305, 336, 'land', 120),
(4244, 536, 257, 'mixed', 60),
(4245, 432, 449, 'fastland', 240),
(4246, 432, 439, 'fastland', 240),
(4247, 449, 432, 'fastland', 240),
(4248, 439, 432, 'fastland', 240),
(4249, 526, 327, 'mixed', 60),
(4250, 327, 526, 'mixed', 60),
(4251, 538, 543, 'fastsea', 180),
(4252, 489, 41, 'mixed', 60);

--
-- Dumping data for table `regions_paths_fasttracksroutes`
--

INSERT INTO `regions_paths_fasttracksroutes` (`regions_path_id`, `region_id`) VALUES
(3982, 549),
(3983, 549),
(3984, 558),
(3985, 558),
(3986, 562),
(3987, 562),
(3988, 565),
(3989, 565),
(3990, 408),
(3991, 408),
(3992, 565),
(3993, 565),
(3994, 411),
(3995, 411),
(3996, 418),
(3996, 422),
(3997, 418),
(3997, 422),
(3998, 400),
(3998, 408),
(3999, 400),
(3999, 408),
(4000, 398),
(4001, 398),
(4002, 563),
(4003, 563),
(4004, 398),
(4004, 400),
(4005, 398),
(4005, 400),
(4006, 417),
(4007, 417),
(4008, 420),
(4008, 433),
(4008, 436),
(4009, 420),
(4009, 433),
(4009, 436),
(4010, 420),
(4011, 420),
(4012, 433),
(4012, 436),
(4013, 433),
(4013, 436),
(4014, 435),
(4014, 444),
(4015, 435),
(4015, 444),
(4016, 405),
(4016, 425),
(4017, 405),
(4017, 425),
(4018, 365),
(4019, 365),
(4020, 365),
(4020, 371),
(4020, 440),
(4021, 365),
(4021, 371),
(4021, 440),
(4022, 362),
(4023, 362),
(4024, 395),
(4024, 407),
(4025, 395),
(4025, 407),
(4026, 391),
(4026, 392),
(4026, 407),
(4027, 391),
(4027, 392),
(4027, 407),
(4028, 308),
(4028, 392),
(4029, 308),
(4029, 392),
(4032, 341),
(4032, 564),
(4033, 341),
(4033, 564),
(4034, 338),
(4034, 341),
(4035, 338),
(4035, 341),
(4036, 313),
(4037, 313),
(4038, 336),
(4039, 336),
(4040, 435),
(4040, 436),
(4040, 448),
(4041, 435),
(4041, 436),
(4041, 448),
(4042, 435),
(4042, 436),
(4043, 435),
(4043, 436),
(4048, 603),
(4048, 611),
(4048, 612),
(4048, 619),
(4049, 603),
(4049, 611),
(4049, 612),
(4049, 619),
(4050, 603),
(4050, 611),
(4051, 603),
(4051, 611),
(4052, 596),
(4052, 599),
(4053, 596),
(4053, 599),
(4054, 589),
(4054, 590),
(4055, 589),
(4055, 590),
(4056, 583),
(4056, 584),
(4057, 583),
(4057, 584),
(4058, 576),
(4058, 578),
(4059, 576),
(4059, 578),
(4060, 375),
(4060, 377),
(4061, 375),
(4061, 377),
(4062, 374),
(4062, 375),
(4062, 377),
(4063, 374),
(4063, 375),
(4063, 377),
(4064, 371),
(4065, 371),
(4066, 360),
(4066, 367),
(4067, 360),
(4067, 367),
(4068, 367),
(4068, 370),
(4069, 367),
(4069, 370),
(4070, 33),
(4071, 33),
(4072, 33),
(4073, 33),
(4074, 56),
(4074, 66),
(4075, 56),
(4075, 66),
(4076, 66),
(4076, 354),
(4077, 66),
(4077, 354),
(4078, 360),
(4078, 361),
(4078, 371),
(4079, 360),
(4079, 361),
(4079, 371),
(4080, 388),
(4080, 391),
(4081, 388),
(4081, 391),
(4082, 356),
(4083, 356),
(4084, 64),
(4084, 354),
(4085, 64),
(4085, 354),
(4086, 48),
(4086, 354),
(4087, 48),
(4087, 354),
(4088, 69),
(4088, 350),
(4089, 69),
(4089, 350),
(4090, 350),
(4090, 386),
(4091, 350),
(4091, 386),
(4092, 388),
(4092, 389),
(4093, 388),
(4093, 389),
(4094, 305),
(4095, 305),
(4096, 278),
(4096, 305),
(4097, 278),
(4097, 305),
(4098, 271),
(4098, 272),
(4099, 271),
(4099, 272),
(4100, 301),
(4101, 301),
(4102, 271),
(4103, 271),
(4104, 285),
(4105, 285),
(4106, 67),
(4107, 67),
(4108, 283),
(4110, 67),
(4110, 199),
(4111, 67),
(4111, 199),
(4112, 292),
(4113, 292),
(4114, 69),
(4115, 69),
(4116, 79),
(4117, 79),
(4118, 195),
(4118, 196),
(4119, 195),
(4119, 196),
(4120, 193),
(4121, 193),
(4122, 173),
(4122, 186),
(4123, 173),
(4123, 186),
(4124, 77),
(4124, 79),
(4125, 77),
(4125, 79),
(4126, 175),
(4127, 175),
(4128, 173),
(4128, 190),
(4129, 173),
(4129, 190),
(4130, 48),
(4130, 51),
(4131, 48),
(4131, 51),
(4132, 78),
(4133, 78),
(4134, 46),
(4135, 46),
(4136, 13),
(4136, 14),
(4137, 13),
(4137, 14),
(4138, 21),
(4139, 21),
(4140, 7),
(4141, 7),
(4142, 7),
(4143, 7),
(4144, 21),
(4145, 21),
(4146, 27),
(4146, 28),
(4146, 40),
(4146, 41),
(4147, 27),
(4147, 28),
(4147, 40),
(4147, 41),
(4148, 58),
(4149, 58),
(4150, 37),
(4151, 37),
(4152, 43),
(4153, 43),
(4154, 43),
(4154, 96),
(4154, 101),
(4155, 43),
(4155, 96),
(4155, 101),
(4156, 46),
(4156, 88),
(4157, 46),
(4157, 88),
(4160, 102),
(4161, 102),
(4162, 90),
(4162, 93),
(4162, 101),
(4163, 90),
(4163, 93),
(4163, 101),
(4164, 83),
(4165, 83),
(4166, 83),
(4166, 180),
(4167, 83),
(4167, 180),
(4168, 171),
(4169, 171),
(4170, 171),
(4171, 171),
(4172, 182),
(4173, 182),
(4174, 94),
(4175, 94),
(4176, 111),
(4176, 113),
(4177, 111),
(4177, 113),
(4178, 111),
(4178, 115),
(4179, 111),
(4179, 115),
(4180, 115),
(4180, 120),
(4181, 115),
(4181, 120),
(4182, 124),
(4183, 124),
(4184, 118),
(4185, 118),
(4186, 160),
(4187, 160),
(4188, 153),
(4189, 153),
(4190, 136),
(4191, 136),
(4192, 135),
(4192, 157),
(4193, 135),
(4193, 157),
(4194, 126),
(4195, 126),
(4196, 150),
(4196, 160),
(4196, 165),
(4197, 150),
(4197, 160),
(4197, 165),
(4198, 160),
(4199, 160),
(4200, 157),
(4200, 162),
(4201, 157),
(4201, 162),
(4202, 147),
(4203, 147),
(4204, 162),
(4205, 162),
(4206, 133),
(4207, 133),
(4208, 214),
(4209, 214),
(4210, 214),
(4210, 216),
(4210, 223),
(4210, 224),
(4211, 214),
(4211, 216),
(4211, 223),
(4211, 224),
(4212, 214),
(4213, 214),
(4214, 221),
(4214, 223),
(4215, 221),
(4215, 223),
(4216, 221),
(4216, 227),
(4217, 221),
(4217, 227),
(4218, 228),
(4218, 230),
(4219, 228),
(4219, 230),
(4220, 228),
(4220, 240),
(4220, 241),
(4221, 228),
(4221, 240),
(4221, 241),
(4222, 246),
(4222, 248),
(4223, 246),
(4223, 248),
(4224, 263),
(4225, 263),
(4226, 323),
(4226, 327),
(4227, 323),
(4227, 327),
(4228, 316),
(4229, 316),
(4230, 317),
(4231, 317),
(4232, 327),
(4233, 327),
(4234, 316),
(4234, 317),
(4235, 316),
(4235, 317),
(4236, 315),
(4237, 315),
(4245, 435),
(4246, 436),
(4247, 435),
(4248, 436);

--
-- Dumping data for table `religions`
--

INSERT INTO `religions` (`id`, `name`) VALUES
(1, 'teological'),
(2, 'pagan'),
(3, 'atheism'),
(4, 'mystical'),
(5, 'patriarchal'),
(6, 'norse');

--
-- Dumping data for table `roles`
--

INSERT INTO `roles` (`id`, `name`, `description`) VALUES
(1, 'login', 'Login privileges, granted after account confirmation'),
(2, 'tester', 'New FunctionalitiesTester'),
(3, 'newborntutor', 'Newborn Tutor'),
(4, 'affiliate', 'ME Affiliate'),
(5, 'doubloonreseller', 'Doubloon Reseller'),
(6, 'bot', 'ME Bot'),
(98, 'staff', 'Staff User'),
(99, 'admin', 'Administrative user, has access to everything');

--
-- Dumping data for table `structure_types`
--

INSERT INTO `structure_types` (`id`, `name`, `parenttype`, `supertype`, `type`, `subtype`, `church_id`, `associated_role_tag`, `sortorder`, `associated_role_description`, `level`, `restlevel`, `image`, `price`, `buyable`, `sellable`, `attribute1`, `attribute2`, `attribute3`, `attribute4`, `attribute5`, `attribute6`) VALUES
(1, 'structures.terrain_1', 'terrain', 'terrain', 'terrain_1', 'player', 0, NULL, 3, NULL, 1, NULL, 'terrain_1', 125, 1, 1, NULL, NULL, NULL, NULL, NULL, NULL),
(2, 'structures.tavern_1', 'tavern', 'tavern', 'tavern_1', 'government', 0, NULL, 7, NULL, 1, 3.0, 'tavern.jpg', NULL, 0, 0, NULL, NULL, NULL, NULL, NULL, NULL),
(4, 'structures.house_1', 'house', 'house', 'house_1', 'player', 0, NULL, 0, NULL, 1, 1.2, 'house_1.jpg', 360, 1, 1, NULL, '360', NULL, NULL, NULL, NULL),
(5, 'structures.house_2', 'house', 'house', 'house_2', 'player', 0, NULL, 0, NULL, 2, 3.0, 'house_2.jpg', 1800, 1, 1, NULL, '1800', NULL, NULL, NULL, NULL),
(6, 'structures.market_1', 'market', 'market', 'market_1', 'government', 0, NULL, 8, NULL, 1, NULL, 'market.jpg', NULL, 0, 0, NULL, NULL, NULL, NULL, NULL, NULL),
(7, 'structures.royalpalace_1', 'royalpalace', 'royalpalace', 'royalpalace_1', 'government', 0, 'king', 1, 'global.king', 1, 60.0, 'royalpalace.jpg', NULL, 0, 0, NULL, NULL, NULL, NULL, NULL, NULL),
(8, 'structures.castle_1', 'castle', 'castle', 'castle_1', 'government', 0, 'vassal', 2, 'global.vassal', 1, 30.0, 'castle.jpg', NULL, 0, 0, NULL, NULL, NULL, NULL, NULL, NULL),
(13, 'structures.forest', 'forest', 'forest', 'forest', 'other', 0, NULL, 1, NULL, 1, NULL, 'forest.jpg', NULL, 0, 0, NULL, NULL, NULL, NULL, NULL, NULL),
(14, 'structures.blacksmith_1', 'shop', 'blacksmith', 'blacksmith_1', 'player', 0, NULL, 1, NULL, 1, NULL, 'blacksmith_1.jpg', 400, 1, 1, 'blacksmith', '400', NULL, NULL, NULL, NULL),
(15, 'structures.carpenter_1', 'shop', 'carpenter', 'carpenter_1', 'player', 0, NULL, 1, NULL, 1, NULL, 'carpenter_1.jpg', 400, 1, 1, 'carpenter', '400', NULL, NULL, NULL, NULL),
(16, 'structures.breeding_cow', 'breeding', 'breeding_cow', 'breeding_cow', 'player', 0, NULL, 2, NULL, 1, NULL, 'breeding_cow.jpg', 100, 0, 0, '5', '100', NULL, NULL, NULL, NULL),
(17, 'structures.mine_iron', 'mine', 'mine_iron', 'mine_iron', 'other', 0, NULL, 1, NULL, 1, NULL, 'mine_iron.jpg', NULL, 0, 0, NULL, NULL, NULL, NULL, NULL, NULL),
(18, 'structures.breeding_sheep', 'breeding', 'breeding_sheep', 'breeding_sheep', 'player', 0, NULL, 2, NULL, 1, NULL, 'breeding_sheep.jpg', 100, 0, 0, '5', '100', NULL, NULL, NULL, NULL),
(19, 'structures.breeding_pig', 'breeding', 'breeding_pig', 'breeding_pig', 'player', 0, NULL, 2, NULL, 1, NULL, 'breeding_pig.jpg', 125, 0, 0, '9', '125', NULL, NULL, NULL, NULL),
(21, 'structures.court_1', 'court', 'court', 'court_1', 'government', 0, 'judge', 3, 'global.judge', 1, 6.0, 'court.jpg', NULL, 0, 0, NULL, NULL, NULL, NULL, NULL, NULL),
(22, 'structures.barracks_1', 'barracks', 'barracks', 'barracks_1', 'government', 0, 'sheriff', 4, 'global.sheriff', 1, 4.5, 'barracks_1.jpg', NULL, 0, 0, NULL, NULL, NULL, NULL, NULL, NULL),
(23, 'structures.chef_1', 'shop', 'chef', 'chef_1', 'player', 0, NULL, 1, NULL, 1, NULL, 'chef_1.jpg', 400, 1, 1, 'chef', '400', NULL, NULL, NULL, NULL),
(24, 'structures.herbalist_1', 'shop', 'herbalist', 'herbalist_1', 'player', 0, NULL, 1, NULL, 1, NULL, 'herbalist_1.jpg', 400, 1, 1, 'herbalist', '400', NULL, NULL, NULL, NULL),
(25, 'structures.battlefield', 'battlefield', 'battlefield', 'battlefield_1', 'other', 0, NULL, 3, NULL, 1, NULL, 'battlefield.jpg', NULL, 0, 0, NULL, NULL, NULL, NULL, NULL, NULL),
(27, 'structures.tailor_1', 'shop', 'tailor', 'tailor_1', 'player', 0, NULL, 1, NULL, 1, NULL, 'tailor_1.jpg', 400, 1, 1, 'tailor', '400', NULL, NULL, NULL, NULL),
(28, 'structures.breeding_silkworm', 'breeding', 'breeding_silkworm', 'breeding_silkworm', 'player', 0, NULL, 2, NULL, 1, NULL, 'breeding_silkworm.jpg', 100, 0, 0, '200', '100', NULL, NULL, NULL, NULL),
(29, 'structures.harbor_1', 'harbor', 'harbor', 'harbor_1', 'government', 0, NULL, 9, NULL, 1, NULL, 'harbor.jpg', NULL, 0, 0, NULL, NULL, NULL, NULL, NULL, NULL),
(30, 'structures.mine_gold', 'mine', 'mine_gold', 'mine_gold', 'other', 0, NULL, 1, NULL, 1, NULL, 'mine_gold.jpg', NULL, 0, 0, NULL, NULL, NULL, NULL, NULL, NULL),
(31, 'structures.goldsmith_1', 'shop', 'goldsmith', 'goldsmith_1', 'player', 0, NULL, 1, NULL, 1, NULL, 'goldsmith_1.jpg', 400, 1, 1, 'goldsmith', '400', NULL, NULL, NULL, NULL),
(32, 'structures.academy_1', 'academy', 'academy', 'academy_1', 'government', 0, 'academydirector', 6, 'global.academydirector', 1, 4.5, 'academy_1.jpg', NULL, 0, 0, '3', '1', NULL, NULL, NULL, NULL),
(33, 'structures.buildingsite_1', 'buildingsite', 'buildingsite', 'buildingsite_1', 'government', 0, NULL, 10, NULL, 1, NULL, 'buildingsite.jpg', NULL, 0, 0, NULL, NULL, NULL, NULL, NULL, NULL),
(34, 'structures.trainingground_1', 'trainingground', 'trainingground', 'trainingground_1', 'government', 0, 'drillmaster', 6, 'global.drillmaster', 1, 4.5, 'trainingground_1.jpg', NULL, 0, 0, '2', '1', NULL, '1', '84', '60'),
(35, 'structures.mine_stone', 'mine', 'mine_stone', 'mine_stone', 'other', 0, NULL, 1, NULL, 1, NULL, 'mine_stone.jpg', NULL, 0, 0, NULL, NULL, NULL, NULL, NULL, NULL),
(36, 'structures.breeding_bee', 'breeding', 'breeding_bee', 'breeding_bee', 'player', 0, NULL, 2, NULL, 1, NULL, 'breeding_bee.jpg', 100, 0, 0, NULL, '2000', NULL, NULL, NULL, NULL),
(37, 'structures.fish_shoal', 'fish_shoal', 'fish_shoal', 'fish_shoal', 'other', 0, NULL, 1, NULL, 1, NULL, 'fish_shoal.jpg', NULL, 0, 0, NULL, NULL, NULL, NULL, NULL, NULL),
(38, 'structures.mine_clay', 'mine', 'mine_clay', 'mine_clay', 'other', 0, NULL, 1, NULL, 1, NULL, 'mine_clay.jpg', NULL, 0, 0, NULL, NULL, NULL, NULL, NULL, NULL),
(39, 'structures.saltern', 'mine', 'saltern', 'saltern', 'other', 0, NULL, 1, NULL, 1, NULL, 'saltern.jpg', NULL, 0, 0, NULL, NULL, NULL, NULL, NULL, NULL),
(40, 'structures.mine_coal', 'mine', 'mine_coal', 'mine_coal', 'other', 0, NULL, 1, NULL, 1, NULL, 'mine_coal.jpg', NULL, 0, 0, NULL, NULL, NULL, NULL, NULL, NULL),
(41, 'structures.cave_white_sand', 'mine', 'cave_white_sand', 'cave_white_sand', 'other', 0, NULL, 1, NULL, 1, NULL, 'cave_white_sand.jpg', NULL, 0, 0, NULL, NULL, NULL, NULL, NULL, NULL),
(42, 'structures.dump', 'dump', 'dump', 'dump_1', 'other', 0, NULL, 3, NULL, 1, NULL, 'dump.jpg', NULL, 0, 0, NULL, NULL, NULL, NULL, NULL, NULL),
(43, 'structures.potter_1', 'shop', 'potter', 'potter_1', 'player', 0, NULL, 1, NULL, 1, NULL, 'potter_1.jpg', 400, 1, 1, 'potter', '400', NULL, NULL, NULL, NULL),
(44, 'structures.nativevillage', 'nativevillage', 'nativevillage', 'nativevillage_1', 'government', 0, NULL, 2, NULL, 1, 0.3, 'nativevillage.jpg', NULL, 0, 0, NULL, NULL, NULL, NULL, NULL, NULL),
(45, 'structures.breeding_cow_region', 'breeding_region', 'breeding_cow_region', 'breeding_cow_region', 'other', 0, NULL, 1, NULL, 1, 1.0, 'breeding_cow_region.jpg', 100, 1, 0, 'breeding_cow', '5', NULL, NULL, NULL, NULL),
(46, 'structures.breeding_sheep_region', 'breeding_region', 'breeding_sheep_region', 'breeding_sheep_region', 'other', 0, NULL, 1, NULL, 1, 1.0, 'breeding_sheep_region.jpg', 100, 1, 0, 'breeding_sheep', '5', NULL, NULL, NULL, NULL),
(47, 'structures.breeding_pig_region', 'breeding_region', 'breeding_pig_region', 'breeding_pig_region', 'other', 0, NULL, 1, NULL, 1, 1.0, 'breeding_pig_region.jpg', 125, 1, 0, 'breeding_pig', '9', NULL, NULL, NULL, NULL),
(48, 'structures.breeding_silkworm_region', 'breeding_region', 'breeding_silkworm_region', 'breeding_silkworm_region', 'other', 0, NULL, 1, NULL, 1, 1.0, 'breeding_silkworm_region.jpg', 100, 1, 0, 'breeding_silkworm', '200', NULL, NULL, NULL, NULL),
(49, 'structures.breeding_bee_region', 'breeding_region', 'breeding_bee_region', 'breeding_bee_region', 'other', 0, NULL, 1, NULL, 1, 1.0, 'breeding_bee_region.jpg', 100, 1, 0, 'breeding_bee', '2000', NULL, NULL, NULL, NULL),
(50, 'structures.house_3', 'house', 'house', 'house_3', 'player', 0, NULL, 0, NULL, 3, 7.0, 'house_3.jpg', 4200, 1, 1, NULL, '4200', NULL, NULL, NULL, NULL),
(51, 'structures.house_4', 'house', 'house', 'house_4', 'player', 0, NULL, 0, NULL, 4, 14.0, 'house_4.jpg', 8400, 1, 1, NULL, '8400', NULL, NULL, NULL, NULL),
(52, 'structures.house_5', 'house', 'house', 'house_5', 'player', 0, NULL, 0, NULL, 5, 28.0, 'house_5.jpg', 16800, 1, 1, NULL, '16800', NULL, NULL, NULL, NULL),
(53, 'structures.house_6', 'house', 'house', 'house_6', 'player', 0, NULL, 0, NULL, 6, 56.0, 'house_6.jpg', 33600, 1, 1, NULL, '33600', NULL, NULL, NULL, NULL),
(57, 'structures.religion_1_rome', 'religion_1', 'religion_1', 'religion_1', 'church', 1, 'church_level_1', 1, 'global.church_level_1', 1, 60.0, 'religion_1_rome.jpg', NULL, 0, 0, NULL, NULL, NULL, NULL, NULL, NULL),
(59, 'structures.religion_1_turnu', 'religion_1', 'religion_1', 'religion_1', 'church', 3, 'church_level_1', 1, 'global.church_level_1', 1, 60.0, 'religion_1_turnu.jpg', NULL, 0, 0, NULL, NULL, NULL, NULL, NULL, NULL),
(60, 'structures.religion_2_rome', 'religion_2', 'religion_2', 'religion_2', 'church', 1, 'church_level_2', 2, 'global.church_level_2', 1, 30.0, 'religion_2_rome.jpg', NULL, 0, 0, NULL, NULL, NULL, NULL, NULL, NULL),
(62, 'structures.religion_2_turnu', 'religion_2', 'religion_2', 'religion_2', 'church', 3, 'church_level_2', 2, 'global.church_level_2', 1, 30.0, 'religion_2_turnu.jpg', NULL, 0, 0, NULL, NULL, NULL, NULL, NULL, NULL),
(63, 'structures.religion_3_rome', 'religion_3', 'religion_3', 'religion_3', 'church', 1, 'church_level_3', 3, 'global.church_level_3', 1, 8.0, 'religion_3_rome.jpg', NULL, 0, 0, NULL, NULL, NULL, NULL, NULL, NULL),
(65, 'structures.religion_3_turnu', 'religion_3', 'religion_3', 'religion_3', 'church', 3, 'church_level_3', 3, 'global.church_level_3', 1, 8.0, 'religion_3_turnu.jpg', NULL, 0, 0, NULL, NULL, NULL, NULL, NULL, NULL),
(66, 'structures.religion_4_rome', 'religion_4', 'religion_4', 'religion_4', 'church', 1, 'church_level_4', 4, 'global.church_level_4', 1, 4.5, 'religion_4_rome.jpg', NULL, 0, 0, NULL, NULL, NULL, NULL, NULL, NULL),
(68, 'structures.religion_4_turnu', 'religion_4', 'religion_4', 'religion_4', 'church', 3, 'church_level_4', 4, 'global.church_level_4', 1, 4.5, 'religion_4_turnu.jpg', NULL, 0, 0, NULL, NULL, NULL, NULL, NULL, NULL),
(69, 'structures.barracks_2', 'barracks', 'barracks', 'barracks_2', 'government', 0, 'sheriff', 4, 'global.sheriff', 2, 4.5, 'barracks_2.jpg', NULL, 0, 0, NULL, NULL, NULL, NULL, NULL, NULL),
(70, 'structures.blacksmith_2', 'shop', 'blacksmith', 'blacksmith_2', 'player', 0, NULL, 1, NULL, 2, NULL, 'blacksmith_2.jpg', 400, 1, 1, 'blacksmith', NULL, NULL, NULL, NULL, NULL),
(71, 'structures.terrain_2', 'terrain', 'terrain', 'terrain_2', 'player', 0, NULL, 3, NULL, 2, NULL, 'terrain_2', 125, 1, 1, NULL, NULL, NULL, NULL, NULL, NULL),
(72, 'structures.carpenter_2', 'shop', 'carpenter', 'carpenter_2', 'player', 0, NULL, 1, NULL, 2, NULL, 'carpenter_2.jpg', 400, 1, 1, 'carpenter', NULL, NULL, NULL, NULL, NULL),
(73, 'structures.chef_2', 'shop', 'chef', 'chef_2', 'player', 0, NULL, 1, NULL, 2, NULL, 'chef_2.jpg', 400, 1, 1, 'chef', NULL, NULL, NULL, NULL, NULL),
(74, 'structures.goldsmith_2', 'shop', 'goldsmith', 'goldsmith_2', 'player', 0, NULL, 1, NULL, 2, NULL, 'goldsmith_2.jpg', 400, 1, 1, 'goldsmith', NULL, NULL, NULL, NULL, NULL),
(75, 'structures.herbalist_2', 'shop', 'herbalist', 'herbalist_2', 'player', 0, NULL, 1, NULL, 2, NULL, 'herbalist_2.jpg', 400, 1, 1, 'herbalist', NULL, NULL, NULL, NULL, NULL),
(76, 'structures.potter_2', 'shop', 'potter', 'potter_2', 'player', 0, NULL, 1, NULL, 2, NULL, 'potter_2.jpg', 400, 1, 1, 'potter', NULL, NULL, NULL, NULL, NULL),
(77, 'structures.tailor_2', 'shop', 'tailor', 'tailor_2', 'player', 0, NULL, 1, NULL, 2, NULL, 'tailor_2.jpg', 400, 1, 1, 'tailor', NULL, NULL, NULL, NULL, NULL),
(78, 'structures.religion_1_cairo', 'religion_1', 'religion_1', 'religion_1', 'church', 5, 'church_level_1', 1, 'global.church_level_1', 1, 60.0, 'religion_1_cairo.jpg', NULL, 0, 0, NULL, NULL, NULL, NULL, NULL, NULL),
(79, 'structures.religion_2_cairo', 'religion_2', 'religion_2', 'religion_2', 'church', 5, 'church_level_2', 2, 'global.church_level_2', 1, 30.0, 'religion_2_cairo.jpg', NULL, 0, 0, NULL, NULL, NULL, NULL, NULL, NULL),
(80, 'structures.religion_3_cairo', 'religion_3', 'religion_3', 'religion_3', 'church', 5, 'church_level_3', 3, 'global.church_level_3', 1, 8.0, 'religion_3_cairo.jpg', NULL, 0, 0, NULL, NULL, NULL, NULL, NULL, NULL),
(81, 'structures.religion_4_cairo', 'religion_4', 'religion_4', 'religion_4', 'church', 5, 'church_level_4', 4, 'global.church_level_4', 1, 4.5, 'religion_4_cairo.jpg', NULL, 0, 0, NULL, NULL, NULL, NULL, NULL, NULL),
(82, 'structures.well_1', 'well', 'well', 'well_1', 'other', 0, NULL, 2, NULL, 1, NULL, 'well.jpg', NULL, 0, 0, NULL, NULL, NULL, NULL, NULL, NULL),
(83, 'structures.distillery_1', 'shop', 'distillery', 'distillery_1', 'player', 0, NULL, 1, NULL, 1, NULL, 'distillery_1.jpg', 400, 1, 1, 'distillery', NULL, NULL, NULL, NULL, NULL),
(84, 'structures.distillery_2', 'shop', 'distillery', 'distillery_2', 'player', 0, NULL, 1, NULL, 2, NULL, 'distillery_2.jpg', 400, 1, 1, 'distillery', NULL, NULL, NULL, NULL, NULL),
(85, 'structures.religion_1_kiev', 'religion_1', 'religion_1', 'religion_1', 'church', 6, 'church_level_1', 1, 'global.church_level_1', 1, 60.0, 'religion_1_kiev.jpg', NULL, 0, 0, NULL, NULL, NULL, NULL, NULL, NULL),
(86, 'structures.religion_2_kiev', 'religion_2', 'religion_2', 'religion_2', 'church', 6, 'church_level_2', 2, 'global.church_level_2', 1, 30.0, 'religion_2_kiev.jpg', NULL, 0, 0, NULL, NULL, NULL, NULL, NULL, NULL),
(87, 'structures.religion_3_kiev', 'religion_3', 'religion_3', 'religion_3', 'church', 6, 'church_level_3', 3, 'global.church_level_3', 1, 8.0, 'religion_3_kiev.jpg', NULL, 0, 0, NULL, NULL, NULL, NULL, NULL, NULL),
(88, 'structures.religion_4_kiev', 'religion_4', 'religion_4', 'religion_4', 'church', 6, 'church_level_4', 4, 'global.church_level_4', 1, 4.5, 'religion_4_kiev.jpg', NULL, 0, 0, NULL, NULL, NULL, NULL, NULL, NULL),
(89, 'structures.watchtower_1', 'watchtower', 'watchtower', 'watchtower_1', 'government', 0, 'towerguardian', 5, 'global.towerguardian', 1, 3.0, 'watchtower_1.jpg', NULL, 0, 0, NULL, NULL, NULL, NULL, NULL, NULL),
(90, 'structures.religion_1_norse', 'religion_1', 'religion_1', 'religion_1', 'church', 7, 'church_level_1', 1, 'global.church_level_1', 1, 60.0, 'religion_1_norse.jpg', NULL, 0, 0, NULL, NULL, NULL, NULL, NULL, NULL),
(91, 'structures.religion_2_norse', 'religion_2', 'religion_2', 'religion_2', 'church', 7, 'church_level_2', 2, 'global.church_level_2', 1, 30.0, 'religion_2_norse.jpg', NULL, 0, 0, NULL, NULL, NULL, NULL, NULL, NULL),
(92, 'structures.religion_3_norse', 'religion_3', 'religion_3', 'religion_3', 'church', 7, 'church_level_3', 3, 'global.church_level_3', 1, 8.0, 'religion_3_norse.jpg', NULL, 0, 0, NULL, NULL, NULL, NULL, NULL, NULL),
(93, 'structures.religion_4_norse', 'religion_4', 'religion_4', 'religion_4', 'church', 7, 'church_level_4', 4, 'global.church_level_4', 1, 4.5, 'religion_4_norse.jpg', NULL, 0, 0, NULL, NULL, NULL, NULL, NULL, NULL),
(94, 'structures.billboard', 'billboard', 'billboard', 'billboard_1', 'other', 0, NULL, 3, NULL, 1, NULL, 'billboard.jpg', NULL, 0, 0, NULL, NULL, NULL, NULL, NULL, NULL),
(95, 'structures.academy_2', 'academy', 'academy', 'academy_2', 'government', 0, 'academydirector', 6, 'global.academydirector', 2, 4.5, 'academy_2.jpg', NULL, 0, 0, '3', '1', NULL, NULL, NULL, NULL),
(96, 'structures.trainingground_2', 'trainingground', 'trainingground', 'trainingground_2', 'government', 0, 'drillmaster', 6, 'global.drillmaster', 2, 4.5, 'trainingground_2.jpg', NULL, 0, 0, '2', '1', NULL, '1', '84', '60');

--
-- Dumping data for table `structure_types_cfgitems`
--

INSERT INTO `structure_types_cfgitems` (`id`, `structure_type_id`, `cfgitem_id`) VALUES
(257, 15, 1),
(100, 72, 1),
(166, 23, 5),
(95, 73, 5),
(184, 27, 8),
(203, 77, 8),
(258, 15, 9),
(101, 72, 9),
(259, 15, 15),
(102, 72, 15),
(260, 15, 19),
(103, 72, 19),
(222, 27, 23),
(110, 77, 23),
(223, 27, 24),
(111, 77, 24),
(261, 15, 29),
(104, 72, 29),
(187, 14, 30),
(206, 70, 30),
(189, 14, 32),
(208, 70, 32),
(190, 14, 33),
(209, 70, 33),
(224, 27, 42),
(112, 77, 42),
(225, 27, 43),
(113, 77, 43),
(226, 27, 44),
(114, 77, 44),
(227, 27, 45),
(115, 77, 45),
(228, 27, 46),
(116, 77, 46),
(229, 27, 47),
(117, 77, 47),
(230, 27, 48),
(118, 77, 48),
(231, 27, 49),
(119, 77, 49),
(232, 27, 50),
(120, 77, 50),
(233, 27, 51),
(121, 77, 51),
(234, 27, 52),
(122, 77, 52),
(235, 27, 53),
(123, 77, 53),
(236, 27, 54),
(124, 77, 54),
(267, 24, 57),
(146, 75, 57),
(237, 27, 58),
(125, 77, 58),
(238, 27, 59),
(126, 77, 59),
(239, 27, 60),
(127, 77, 60),
(240, 27, 61),
(128, 77, 61),
(241, 27, 62),
(129, 77, 62),
(275, 31, 63),
(154, 74, 63),
(276, 31, 65),
(155, 74, 65),
(277, 31, 66),
(156, 74, 66),
(269, 24, 70),
(148, 75, 70),
(278, 31, 71),
(157, 74, 71),
(279, 31, 72),
(158, 74, 72),
(280, 31, 73),
(159, 74, 73),
(192, 14, 74),
(211, 70, 74),
(193, 14, 75),
(212, 70, 75),
(194, 14, 76),
(213, 70, 76),
(242, 27, 77),
(130, 77, 77),
(243, 27, 78),
(131, 77, 78),
(244, 27, 79),
(132, 77, 79),
(195, 14, 80),
(214, 70, 80),
(270, 24, 83),
(149, 75, 83),
(262, 15, 84),
(105, 72, 84),
(263, 15, 87),
(106, 72, 87),
(264, 15, 94),
(107, 72, 94),
(271, 24, 102),
(150, 75, 102),
(179, 43, 103),
(174, 76, 103),
(245, 27, 104),
(133, 77, 104),
(246, 27, 105),
(134, 77, 105),
(272, 24, 106),
(151, 75, 106),
(178, 43, 107),
(175, 76, 107),
(183, 43, 108),
(176, 76, 108),
(167, 23, 109),
(96, 73, 109),
(168, 23, 110),
(97, 73, 110),
(169, 23, 111),
(98, 73, 111),
(170, 23, 112),
(99, 73, 112),
(196, 14, 113),
(215, 70, 113),
(197, 14, 114),
(216, 70, 114),
(198, 14, 115),
(217, 70, 115),
(199, 14, 116),
(218, 70, 116),
(200, 14, 117),
(219, 70, 117),
(201, 14, 118),
(220, 70, 118),
(202, 14, 119),
(221, 70, 119),
(265, 15, 120),
(108, 72, 120),
(273, 24, 123),
(152, 75, 123),
(281, 31, 125),
(160, 74, 125),
(94, 24, 128),
(371, 75, 128),
(247, 27, 129),
(135, 77, 129),
(248, 27, 130),
(136, 77, 130),
(249, 27, 131),
(137, 77, 131),
(250, 27, 132),
(138, 77, 132),
(251, 27, 133),
(139, 77, 133),
(282, 31, 134),
(161, 74, 134),
(274, 24, 141),
(153, 75, 141),
(266, 15, 142),
(109, 72, 142),
(284, 15, 143),
(285, 72, 143),
(296, 14, 145),
(297, 70, 145),
(300, 14, 146),
(301, 70, 146),
(298, 14, 147),
(299, 70, 147),
(302, 14, 148),
(303, 70, 148),
(290, 43, 149),
(292, 76, 149),
(291, 24, 150),
(293, 75, 150),
(304, 27, 151),
(310, 77, 151),
(305, 27, 152),
(311, 77, 152),
(306, 27, 153),
(312, 77, 153),
(307, 27, 154),
(313, 77, 154),
(308, 27, 155),
(314, 77, 155),
(315, 24, 157),
(316, 75, 157),
(317, 15, 158),
(318, 72, 158),
(319, 15, 159),
(320, 72, 159),
(323, 43, 164),
(324, 76, 164),
(321, 43, 165),
(322, 76, 165),
(325, 83, 167),
(326, 84, 167),
(327, 15, 168),
(328, 72, 168),
(329, 24, 169),
(330, 75, 169),
(331, 83, 170),
(332, 84, 170),
(333, 83, 171),
(334, 84, 171),
(335, 83, 172),
(336, 84, 172),
(337, 27, 173),
(343, 77, 173),
(338, 27, 174),
(344, 77, 174),
(339, 27, 175),
(345, 77, 175),
(340, 27, 176),
(346, 77, 176),
(341, 27, 177),
(347, 77, 177),
(348, 31, 179),
(349, 74, 179),
(350, 27, 181),
(351, 77, 181),
(352, 27, 182),
(353, 77, 182),
(354, 27, 183),
(355, 77, 183),
(356, 27, 184),
(357, 77, 184),
(358, 24, 200),
(359, 75, 200),
(369, 31, 201),
(370, 74, 201),
(361, 31, 202),
(362, 74, 202),
(363, 31, 206),
(364, 74, 206),
(365, 24, 207),
(366, 75, 207),
(367, 24, 208),
(368, 75, 208),
(372, 43, 210),
(373, 76, 210),
(376, 14, 212),
(377, 70, 212),
(378, 14, 213),
(379, 70, 213),
(380, 14, 214),
(381, 70, 214),
(384, 15, 216),
(385, 72, 216),
(386, 43, 217),
(387, 76, 217),
(388, 15, 218),
(389, 72, 218),
(390, 43, 219),
(391, 76, 219),
(392, 15, 220),
(393, 72, 220),
(394, 27, 224),
(395, 77, 224),
(396, 27, 225),
(397, 77, 225),
(398, 27, 226),
(399, 77, 226),
(400, 27, 227),
(401, 77, 227),
(402, 27, 228),
(403, 77, 228),
(404, 31, 229),
(405, 74, 229),
(406, 43, 247),
(407, 76, 247),
(410, 24, 251),
(411, 75, 251),
(408, 15, 252),
(409, 72, 252),
(412, 27, 253),
(413, 77, 253),
(414, 14, 254),
(417, 70, 254),
(415, 14, 255),
(416, 70, 255);

-- --------------------------------------------------------

--
-- Structure for view `kingdoms_v`
--
DROP TABLE IF EXISTS `kingdoms_v`;

CREATE ALGORITHM=UNDEFINED DEFINER=`medievaleurope`@`localhost` SQL SECURITY DEFINER VIEW `kingdoms_v`  AS  select `kingdoms`.`id` AS `id`,`kingdoms`.`name` AS `name`,`kingdoms`.`image` AS `image`,`kingdoms`.`status` AS `status`,`kingdoms`.`title` AS `title`,`kingdoms`.`slogan` AS `slogan`,`kingdoms`.`color` AS `color`,`kingdoms`.`language1` AS `language1`,`kingdoms`.`language2` AS `language2`,`kingdoms`.`lastattacked` AS `lastattacked`,`kingdoms`.`activityscore` AS `activityscore`,`kingdoms`.`forumurl` AS `forumurl` from `kingdoms` where (`kingdoms`.`status` <> 'deleted') ;
COMMIT;

/*!40101 SET CHARACTER_SET_CLIENT=@OLD_CHARACTER_SET_CLIENT */;
/*!40101 SET CHARACTER_SET_RESULTS=@OLD_CHARACTER_SET_RESULTS */;
/*!40101 SET COLLATION_CONNECTION=@OLD_COLLATION_CONNECTION */;
